arcade_addr,name,content_equal,source
06012EA0,Check_Special_Technique,1,align_file.py Ck_Pass.c
06013034,Check_VS_Jump,1,align_file.py Ck_Pass.c
06013212,Check_Rolling,1,align_file.py Ck_Pass.c
06013460,Check_Stand,1,align_file.py Ck_Pass.c
06013864,Check_Lie,1,align_file.py Ck_Pass.c
06013A9C,VS_GILL_AS,1,align_file.py Ck_Pass.c
06013AEE,VS_ALEX_AS,1,align_file.py Ck_Pass.c
06013B8A,VS_RYU_AS,1,align_file.py Ck_Pass.c
06013C1A,VS_YUN_AS,1,align_file.py Ck_Pass.c
06013C88,VS_DUDLEY_AS,1,align_file.py Ck_Pass.c
06013D30,VS_NECRO_AS,0,align_file.py Ck_Pass.c
06013D34,VS_HUGO_AS,1,align_file.py Ck_Pass.c
06013DDC,VS_IBUKI_AS,1,align_file.py Ck_Pass.c
06013E30,VS_ELENA_AS,1,align_file.py Ck_Pass.c
06013EBE,VS_ORO_AS,1,align_file.py Ck_Pass.c
06013EF4,VS_KEN_AS,1,align_file.py Ck_Pass.c
06013F8A,VS_SEAN_AS,1,align_file.py Ck_Pass.c
06013FBE,VS_URIEN_AS,1,align_file.py Ck_Pass.c
06014014,VS_GOUKI_AS,1,align_file.py Ck_Pass.c
0601408C,VS_CHUN_LI_AS,0,align_file.py Ck_Pass.c
06014090,VS_MAKOTO_AS,0,align_file.py Ck_Pass.c
06014094,VS_Q_AS,1,align_file.py Ck_Pass.c
060140CA,VS_NO12_AS,0,align_file.py Ck_Pass.c
060140CE,VS_REMY_AS,1,align_file.py Ck_Pass.c
06014142,VS_GILL_A,1,align_file.py Ck_Pass.c
060141DA,VS_ALEX_A,1,align_file.py Ck_Pass.c
060142AC,VS_RYU_A,1,align_file.py Ck_Pass.c
06014342,VS_YUN_A,1,align_file.py Ck_Pass.c
0601439A,VS_DUDLEY_A,1,align_file.py Ck_Pass.c
06014412,VS_NECRO_A,1,align_file.py Ck_Pass.c
060144AC,VS_HUGO_A,1,align_file.py Ck_Pass.c
06014580,VS_IBUKI_A,1,align_file.py Ck_Pass.c
060145C0,VS_ELENA_A,1,align_file.py Ck_Pass.c
06014634,VS_ORO_A,1,align_file.py Ck_Pass.c
0601466A,VS_KEN_A,1,align_file.py Ck_Pass.c
060146A0,VS_SEAN_A,1,align_file.py Ck_Pass.c
0601472C,VS_URIEN_A,1,align_file.py Ck_Pass.c
060147C4,VS_GOUKI_A,1,align_file.py Ck_Pass.c
0601484C,VS_CHUN_LI_A,1,align_file.py Ck_Pass.c
060148C6,VS_MAKOTO_A,0,align_file.py Ck_Pass.c
060148CA,VS_Q_A,1,align_file.py Ck_Pass.c
06014900,VS_NO12_A,1,align_file.py Ck_Pass.c
06014958,VS_REMY_A,1,align_file.py Ck_Pass.c
060149AA,VS_GILL_BS,1,align_file.py Ck_Pass.c
06014A00,VS_ALEX_BS,1,align_file.py Ck_Pass.c
06014A84,VS_RYU_BS,1,align_file.py Ck_Pass.c
06014B68,VS_YUN_BS,1,align_file.py Ck_Pass.c
06014BDC,VS_DUDLEY_BS,1,align_file.py Ck_Pass.c
06014C70,VS_NECRO_BS,0,align_file.py Ck_Pass.c
06014C74,VS_HUGO_BS,1,align_file.py Ck_Pass.c
06014D4A,VS_IBUKI_BS,1,align_file.py Ck_Pass.c
06014DA2,VS_ELENA_BS,1,align_file.py Ck_Pass.c
06014E40,VS_ORO_BS,1,align_file.py Ck_Pass.c
06014E76,VS_KEN_BS,1,align_file.py Ck_Pass.c
06014F2A,VS_SEAN_BS,1,align_file.py Ck_Pass.c
06014F5E,VS_URIEN_BS,1,align_file.py Ck_Pass.c
06014FB4,VS_GOUKI_BS,1,align_file.py Ck_Pass.c
0601506C,VS_CHUN_LI_BS,1,align_file.py Ck_Pass.c
060150C4,VS_MAKOTO_BS,0,align_file.py Ck_Pass.c
060150F8,VS_Q_BS,1,align_file.py Ck_Pass.c
0601512E,VS_NO12_BS,0,align_file.py Ck_Pass.c
06015132,VS_REMY_BS,1,align_file.py Ck_Pass.c
060151AC,VS_GILL_B,1,align_file.py Ck_Pass.c
06015244,VS_ALEX_B,1,align_file.py Ck_Pass.c
0601530E,VS_RYU_B,1,align_file.py Ck_Pass.c
060153A6,VS_YUN_B,1,align_file.py Ck_Pass.c
06015428,VS_DUDLEY_B,1,align_file.py Ck_Pass.c
060154A2,VS_NECRO_B,1,align_file.py Ck_Pass.c
06015536,VS_HUGO_B,1,align_file.py Ck_Pass.c
0601564C,VS_IBUKI_B,1,align_file.py Ck_Pass.c
06015682,VS_ELENA_B,1,align_file.py Ck_Pass.c
06015702,VS_ORO_B,1,align_file.py Ck_Pass.c
06015738,VS_KEN_B,1,align_file.py Ck_Pass.c
06015790,VS_SEAN_B,1,align_file.py Ck_Pass.c
0601583C,VS_URIEN_B,1,align_file.py Ck_Pass.c
060158D4,VS_GOUKI_B,1,align_file.py Ck_Pass.c
06015998,VS_CHUN_LI_B,1,align_file.py Ck_Pass.c
06015A32,VS_MAKOTO_B,0,align_file.py Ck_Pass.c
06015A68,VS_Q_B,1,align_file.py Ck_Pass.c
06015AE2,VS_NO12_B,1,align_file.py Ck_Pass.c
06015B3A,VS_REMY_B,1,align_file.py Ck_Pass.c
06015B8A,VS_GILL_CS,1,align_file.py Ck_Pass.c
06015BE0,VS_ALEX_CS,1,align_file.py Ck_Pass.c
06015C54,VS_RYU_CS,1,align_file.py Ck_Pass.c
06015D14,VS_YUN_CS,1,align_file.py Ck_Pass.c
06015D88,VS_DUDLEY_CS,1,align_file.py Ck_Pass.c
06015E3C,VS_NECRO_CS,0,align_file.py Ck_Pass.c
06015E40,VS_HUGO_CS,1,align_file.py Ck_Pass.c
06015F16,VS_IBUKI_CS,1,align_file.py Ck_Pass.c
06015F4A,VS_ELENA_CS,1,align_file.py Ck_Pass.c
06015FEA,VS_ORO_CS,1,align_file.py Ck_Pass.c
06016020,VS_KEN_CS,1,align_file.py Ck_Pass.c
060160B6,VS_SEAN_CS,1,align_file.py Ck_Pass.c
060160EA,VS_URIEN_CS,1,align_file.py Ck_Pass.c
06016140,VS_GOUKI_CS,1,align_file.py Ck_Pass.c
060161D6,VS_CHUN_LI_CS,1,align_file.py Ck_Pass.c
0601622E,VS_MAKOTO_CS,0,align_file.py Ck_Pass.c
06016266,VS_Q_CS,0,align_file.py Ck_Pass.c
0601626A,VS_NO12_CS,0,align_file.py Ck_Pass.c
0601626E,VS_REMY_CS,1,align_file.py Ck_Pass.c
060162DC,VS_GILL_C,1,align_file.py Ck_Pass.c
06016380,VS_ALEX_C,1,align_file.py Ck_Pass.c
0601642C,VS_RYU_C,1,align_file.py Ck_Pass.c
060164C4,VS_YUN_C,1,align_file.py Ck_Pass.c
0601651C,VS_DUDLEY_C,1,align_file.py Ck_Pass.c
06016594,VS_NECRO_C,1,align_file.py Ck_Pass.c
06016630,VS_HUGO_C,1,align_file.py Ck_Pass.c
0601674A,VS_IBUKI_C,0,align_file.py Ck_Pass.c
06016780,VS_ELENA_C,1,align_file.py Ck_Pass.c
060167F8,VS_ORO_C,1,align_file.py Ck_Pass.c
0601682E,VS_KEN_C,1,align_file.py Ck_Pass.c
06016886,VS_SEAN_C,1,align_file.py Ck_Pass.c
06016924,VS_URIEN_C,1,align_file.py Ck_Pass.c
060169BC,VS_GOUKI_C,1,align_file.py Ck_Pass.c
06016A40,VS_CHUN_LI_C,1,align_file.py Ck_Pass.c
06016ADA,VS_MAKOTO_C,0,align_file.py Ck_Pass.c
06016B10,VS_Q_C,1,align_file.py Ck_Pass.c
06016B68,VS_NO12_C,1,align_file.py Ck_Pass.c
06016BC0,VS_REMY_C,1,align_file.py Ck_Pass.c
06016C12,VS_GILL_DS,0,align_file.py Ck_Pass.c
06016C16,VS_ALEX_DS,0,align_file.py Ck_Pass.c
06016C1A,VS_RYU_DS,1,align_file.py Ck_Pass.c
06016C50,VS_YUN_DS,0,align_file.py Ck_Pass.c
06016C54,VS_DUDLEY_DS,0,align_file.py Ck_Pass.c
06016C58,VS_NECRO_DS,0,align_file.py Ck_Pass.c
06016C5C,VS_IBUKI_DS,0,align_file.py Ck_Pass.c
06016C60,VS_HUGO_DS,0,align_file.py Ck_Pass.c
06016C64,VS_ELENA_DS,1,align_file.py Ck_Pass.c
06016C98,VS_ORO_DS,0,align_file.py Ck_Pass.c
06016C9C,VS_KEN_DS,0,align_file.py Ck_Pass.c
06016CA0,VS_SEAN_DS,0,align_file.py Ck_Pass.c
06016CA4,VS_URIEN_DS,0,align_file.py Ck_Pass.c
06016CA8,VS_GOUKI_DS,0,align_file.py Ck_Pass.c
06016CAC,VS_CHUN_LI_DS,0,align_file.py Ck_Pass.c
06016CB0,VS_MAKOTO_DS,0,align_file.py Ck_Pass.c
06016CB4,VS_Q_DS,0,align_file.py Ck_Pass.c
06016CB8,VS_NO12_DS,1,align_file.py Ck_Pass.c
06016CE6,VS_REMY_DS,0,align_file.py Ck_Pass.c
06016D00,VS_GILL_D,0,align_file.py Ck_Pass.c
06016D04,VS_ALEX_D,0,align_file.py Ck_Pass.c
06016D08,VS_RYU_D,1,align_file.py Ck_Pass.c
06016D3E,VS_REMY_D,0,align_file.py Ck_Pass.c
