arcade_addr,label,note
0604CBD8,PassiveSG,"dispatcher for character slot 15, absent from PS2; routines mirror character 14 (Akuma) with different numbers - presumably Shin Akuma"
0604CBF0,PassiveSG_0000,slot-15 AI routine; same calls as Passive14_0000
0604CC24,PassiveSG_0001,slot-15 AI routine; same calls as Passive14_0001
0604CC4C,PassiveSG_0002,slot-15 AI routine; same calls as Passive14_0002
0604CC9E,PassiveSG_0003,slot-15 AI routine; same calls as Passive14_0003
0604CCF0,PassiveSG_0004,slot-15 AI routine; same calls as Passive14_0004
0604CD76,PassiveSG_0005,slot-15 AI routine; same calls as Passive14_0005
0604CDCA,PassiveSG_0006,slot-15 AI routine; same calls as Passive14_0006
0604CE1E,PassiveSG_0007,slot-15 AI routine; same calls as Passive14_0007
0604CE90,PassiveSG_0008,slot-15 AI routine; same calls as Passive14_0008
0604CED0,PassiveSG_0009,slot-15 AI routine; same calls as Passive14_0009
0604CF38,PassiveSG_0010,slot-15 AI routine; same calls as Passive14_0010
0604CFB6,PassiveSG_0011,slot-15 AI routine; same calls as Passive14_0011
0604D078,PassiveSG_0012,slot-15 AI routine; same calls as Passive14_0012
0604D0D2,PassiveSG_0013,slot-15 AI routine; same calls as Passive14_0013
0604D11E,PassiveSG_0014,slot-15 AI routine; same calls as Passive14_0014
0604D16A,PassiveSG_0015,slot-15 AI routine; same calls as Passive14_0015
0604D1E6,PassiveSG_0016,slot-15 AI routine; same calls as Passive14_0016
0604D2C8,PassiveSG_0017,slot-15 AI routine; same calls as Passive14_0017
0604D352,PassiveSG_0018,slot-15 AI routine; same calls as Passive14_0018
0604D3BA,PassiveSG_0019,slot-15 AI routine; same calls as Passive14_0019
0604D428,PassiveSG_0020,slot-15 AI routine; same calls as Passive14_0020
0604D47A,PassiveSG_0021,slot-15 AI routine; same calls as Passive14_0021
0604D4FE,PassiveSG_0022,slot-15 AI routine; same calls as Passive14_0022
0604D54A,PassiveSG_0023,slot-15 AI routine; same calls as Passive14_0023
0604D5DC,PassiveSG_0024,slot-15 AI routine; same calls as Passive14_0024
0604D666,PassiveSG_0025,slot-15 AI routine; same calls as Passive14_0025
0604D6D6,PassiveSG_0026,slot-15 AI routine; same calls as Passive14_0026
0604D76C,PassiveSG_0027,slot-15 AI routine; same calls as Passive14_0027
0604D7D4,PassiveSG_0028,slot-15 AI routine; same calls as Passive14_0028
0604D89E,PassiveSG_0029,slot-15 AI routine; same calls as Passive14_0029
0604D970,PassiveSG_0030,slot-15 AI routine; same calls as Passive14_0030
0604DA22,PassiveSG_0031,slot-15 AI routine; same calls as Passive14_0031
0604DAD0,PassiveSG_0032,slot-15 AI routine; same calls as Passive14_0032
0604DB38,PassiveSG_0033,slot-15 AI routine; same calls as Passive14_0033
0604DBE4,PassiveSG_0034,slot-15 AI routine; same calls as Passive14_0034
0604DCA4,PassiveSG_0035,slot-15 AI routine; same calls as Passive14_0035
0604DD74,PassiveSG_0036,slot-15 AI routine; same calls as Passive14_0036
0604DDBC,PassiveSG_0037,slot-15 AI routine; same calls as Passive14_0037
0604DE1E,PassiveSG_0038,slot-15 AI routine; same calls as Passive14_0038
0604DE66,PassiveSG_0039,slot-15 AI routine; same calls as Passive14_0039
0604DEC8,PassiveSG_0040,slot-15 AI routine; same calls as Passive14_0040
0604DF4E,PassiveSG_0041,slot-15 AI routine; same calls as Passive14_0041
0604DFB6,PassiveSG_0042,slot-15 AI routine; same calls as Passive14_0042
0604DFF8,PassiveSG_0043,slot-15 AI routine; same calls as Passive14_0043
0604E05E,PassiveSG_0044,slot-15 AI routine; same calls as Passive14_0044
0604E0A0,PassiveSG_0045,slot-15 AI routine; same calls as Passive14_0045
0604E140,PassiveSG_0046,slot-15 AI routine; same calls as Passive14_0046
0604E1D2,PassiveSG_0047,slot-15 AI routine; same calls as Passive14_0047
0604E28A,PassiveSG_0048,slot-15 AI routine; same calls as Passive14_0048
0604E2CC,PassiveSG_0049,slot-15 AI routine; same calls as Passive14_0049
0604E310,PassiveSG_0050,slot-15 AI routine; same calls as Passive14_0050
0604E38A,PassiveSG_0051,slot-15 AI routine; same calls as Passive14_0051
0604E3E6,PassiveSG_0052,slot-15 AI routine; same calls as Passive14_0052
0604E412,PassiveSG_0053,slot-15 AI routine; same calls as Passive14_0053
0604E430,PassiveSG_0054,slot-15 AI routine; same calls as Passive14_0054
0604E450,PassiveSG_0055,slot-15 AI routine; same calls as Passive14_0055
0604E498,PassiveSG_0056,slot-15 AI routine; same calls as Passive14_0056
0604E4C4,PassiveSG_0057,slot-15 AI routine; same calls as Passive14_0057
0604E4F2,PassiveSG_0058,slot-15 AI routine; same calls as Passive14_0058
0604E51E,PassiveSG_0059,slot-15 AI routine; same calls as Passive14_0059
0604E54C,PassiveSG_0060,slot-15 AI routine; same calls as Passive14_0060
0604E594,PassiveSG_0061,slot-15 AI routine; same calls as Passive14_0061
0604E5C0,PassiveSG_0062,slot-15 AI routine; same calls as Passive14_0062
0604E60E,PassiveSG_0063,slot-15 AI routine; same calls as Passive14_0063
0604E646,PassiveSG_0064,slot-15 AI routine; same calls as Passive14_0064
0604E694,PassiveSG_0065,slot-15 AI routine; same calls as Passive14_0065
0604E6C0,PassiveSG_0066,slot-15 AI routine; same calls as Passive14_0066
0604E70E,PassiveSG_0067,slot-15 AI routine; same calls as Passive14_0067
0604E73A,PassiveSG_0068,slot-15 AI routine; same calls as Passive14_0068
0604E7D2,PassiveSG_0069,slot-15 AI routine; same calls as Passive14_0069
0604E828,PassiveSG_0070,slot-15 AI routine; same calls as Passive14_0070
0604E8A8,PassiveSG_0071,slot-15 AI routine; same calls as Passive14_0071
0604E8E0,PassiveSG_0072,slot-15 AI routine; same calls as Passive14_0072
0604E91A,PassiveSG_0073,slot-15 AI routine; same calls as Passive14_0073
0604E994,PassiveSG_0074,slot-15 AI routine; same calls as Passive14_0074
0604E9EA,PassiveSG_0075,slot-15 AI routine; same calls as Passive14_0075
0604EA40,PassiveSG_0076,slot-15 AI routine; same calls as Passive14_0076
0604EA96,PassiveSG_0077,slot-15 AI routine; same calls as Passive14_0077
0604EB26,PassiveSG_0078,slot-15 AI routine; same calls as Passive14_0078
0604EB5E,PassiveSG_0079,slot-15 AI routine; same calls as Passive14_0079
0604EB90,PassiveSG_0080,slot-15 AI routine; same calls as Passive14_0080
0604EBFC,PassiveSG_0081,slot-15 AI routine; same calls as Passive14_0081
0604EC84,PassiveSG_0082,slot-15 AI routine; same calls as Passive14_0082
0604ED34,PassiveSG_0083,slot-15 AI routine; same calls as Passive14_0083
0604EDBC,PassiveSG_0084,slot-15 AI routine; same calls as Passive14_0084
0604EE6A,PassiveSG_0085,slot-15 AI routine; same calls as Passive14_0085
0604EECC,PassiveSG_0086,slot-15 AI routine; same calls as Passive14_0086
0604EF24,PassiveSG_0087,slot-15 AI routine; same calls as Passive14_0087
0604EF64,PassiveSG_0088,slot-15 AI routine; same calls as Passive14_0088
0604EFA4,PassiveSG_0089,slot-15 AI routine; same calls as Passive14_0089
0604EFE4,PassiveSG_0090,slot-15 AI routine; same calls as Passive14_0090
0604F03C,PassiveSG_0091,slot-15 AI routine; same calls as Passive14_0091
0604F092,PassiveSG_0092,slot-15 AI routine; same calls as Passive14_0092
0604F0E8,PassiveSG_0093,slot-15 AI routine; same calls as Passive14_0093
0604F156,PassiveSG_0094,slot-15 AI routine; same calls as Passive14_0094
0604F1B2,PassiveSG_0095,slot-15 AI routine; same calls as Passive14_0095
0604F23C,PassiveSG_0096,slot-15 AI routine; same calls as Passive14_0096
0604F2A8,PassiveSG_0097,slot-15 AI routine; same calls as Passive14_0097
0604F2F0,PassiveSG_0098,slot-15 AI routine; same calls as Passive14_0098
0604F344,PassiveSG_0099,slot-15 AI routine; same calls as Passive14_0099
0604F370,PassiveSG_0100,slot-15 AI routine; same calls as Passive14_0100
0604F39C,PassiveSG_0101,slot-15 AI routine; same calls as Passive14_0101
0604F3E2,PassiveSG_0102,slot-15 AI routine; same calls as Passive14_0102
0604F442,PassiveSG_0103,slot-15 AI routine; same calls as Passive14_0103
0604F48C,PassiveSG_0104,slot-15 AI routine; same calls as Passive14_0104
0604F514,PassiveSG_0105,slot-15 AI routine; same calls as Passive14_0105
0604F556,PassiveSG_0106,slot-15 AI routine; same calls as Passive14_0106
0604F598,PassiveSG_0107,slot-15 AI routine; same calls as Passive14_0107
0604F5B6,PassiveSG_0108,slot-15 AI routine; same calls as Passive14_0108
0604F5E2,PassiveSG_0109,slot-15 AI routine; same calls as Passive14_0109
0604F60E,PassiveSG_0110,slot-15 AI routine; same calls as Passive14_0110
0604F652,PassiveSG_0111,slot-15 AI routine; same calls as Passive14_0111
0604F67E,PassiveSG_0112,slot-15 AI routine; same calls as Passive14_0112
0604F6CC,PassiveSG_0113,slot-15 AI routine; same calls as Passive14_0113
0604F716,PassiveSG_0114,slot-15 AI routine; same calls as Passive14_0114
0604F780,PassiveSG_0115,slot-15 AI routine; same calls as Passive14_0115
0604F7CA,PassiveSG_0116,slot-15 AI routine; same calls as Passive14_0116
0604F814,PassiveSG_0117,slot-15 AI routine; same calls as Passive14_0117
0604F870,PassiveSG_0118,slot-15 AI routine; same calls as Passive14_0118
0604F8BA,PassiveSG_0119,slot-15 AI routine; same calls as Passive14_0119
0604F904,PassiveSG_0120,slot-15 AI routine; same calls as Passive14_0120
0604F94E,PassiveSG_0121,slot-15 AI routine; same calls as Passive14_0121
0604F9AA,PassiveSG_0122,slot-15 AI routine; same calls as Passive14_0122
0604F9E4,PassiveSG_0123,slot-15 AI routine; same calls as Passive14_0123
0604FA1E,PassiveSG_0124,slot-15 AI routine; same calls as Passive14_0124
0604FA58,PassiveSG_0125,slot-15 AI routine; same calls as Passive14_0125
0604FAAC,PassiveSG_0126,slot-15 AI routine; same calls as Passive14_0126
0604FB00,PassiveSG_0127,slot-15 AI routine; same calls as Passive14_0127
0604FB48,PassiveSG_0128,slot-15 AI routine; same calls as Passive14_0128
0604FB90,PassiveSG_0129,slot-15 AI routine; same calls as Passive14_0129
0604FBDC,PassiveSG_0130,slot-15 AI routine; same calls as Passive14_0130
0604FC0A,PassiveSG_0131,slot-15 AI routine; same calls as Passive14_0131
0604FC42,PassiveSG_0132,slot-15 AI routine; same calls as Passive14_0132
0604FC74,PassiveSG_0133,slot-15 AI routine; same calls as Passive14_0133
0604FCA6,PassiveSG_0134,slot-15 AI routine; same calls as Passive14_0134
0604FCF8,PassiveSG_0135,slot-15 AI routine; same calls as Passive14_0135
0604FD2A,PassiveSG_0136,slot-15 AI routine; same calls as Passive14_0136
0604FD5C,PassiveSG_0137,slot-15 AI routine; same calls as Passive14_0137
0604FD8E,PassiveSG_0138,slot-15 AI routine; same calls as Passive14_0138
0604FDC8,PassiveSG_0139,slot-15 AI routine; same calls as Passive14_0139
0604FE20,PassiveSG_0140,slot-15 AI routine; same calls as Passive14_0140
0604FE68,PassiveSG_0141,slot-15 AI routine; same calls as Passive14_0141
0604FEB0,PassiveSG_0142,slot-15 AI routine; same calls as Passive14_0142
0604FEF8,PassiveSG_0143,slot-15 AI routine; same calls as Passive14_0143
0604FF62,PassiveSG_0144,slot-15 AI routine; same calls as Passive14_0144
0604FF94,PassiveSG_0145,slot-15 AI routine; same calls as Passive14_0145
0604FFE6,PassiveSG_0146,slot-15 AI routine; same calls as Passive14_0146
06050068,PassiveSG_0147,slot-15 AI routine; same calls as Passive14_0147
0605010A,PassiveSG_0148,slot-15 AI routine; same calls as Passive14_0148
06050160,PassiveSG_0149,slot-15 AI routine; same calls as Passive14_0149
0605019A,PassiveSG_0150,slot-15 AI routine; same calls as Passive14_0150
0605020C,PassiveSG_0151,slot-15 AI routine; same calls as Passive14_0151
06050294,PassiveSG_0152,slot-15 AI routine; same calls as Passive14_0152
0605035E,PassiveSG_0153,slot-15 AI routine; same calls as Passive14_0153
06050380,PassiveSG_0154,slot-15 AI routine; same calls as Passive14_0154
060503C4,PassiveSG_0155,slot-15 AI routine; same calls as Passive14_0155
06050474,PassiveSG_0156,slot-15 AI routine; same calls as Passive14_0156
0605053C,PassiveSG_0157,slot-15 AI routine; same calls as Passive14_0157
060505B2,PassiveSG_0158,slot-15 AI routine; same calls as Passive14_0158
06050686,PassiveSG_0159,slot-15 AI routine; same calls as Passive14_0159
060506EE,PassiveSG_0160,slot-15 AI routine; same calls as Passive14_0160
060507A2,PassiveSG_0161,slot-15 AI routine; same calls as Passive14_0161
0605080A,PassiveSG_0162,slot-15 AI routine; same calls as Passive14_0162
060508BE,PassiveSG_0163,slot-15 AI routine; same calls as Passive14_0163
060508F0,PassiveSG_0164,slot-15 AI routine; same calls as Passive14_0164
06050998,PassiveSG_0165,slot-15 AI routine; same calls as Passive14_0165
06050A04,PassiveSG_0166,slot-15 AI routine; same calls as Passive14_0166
06050A54,PassiveSG_0167,slot-15 AI routine; same calls as Passive14_0167
06050AF8,PassiveSG_0168,slot-15 AI routine; same calls as Passive14_0168
06050BCC,PassiveSG_0169,slot-15 AI routine; same calls as Passive14_0169
06050C60,PassiveSG_0170,slot-15 AI routine; same calls as Passive14_0170
06050D2C,PassiveSG_0171,slot-15 AI routine; same calls as Passive14_0171
06050DF0,PassiveSG_0172,slot-15 AI routine; same calls as Passive14_0172
06050E62,PassiveSG_0173,slot-15 AI routine; same calls as Passive14_0173
06050F1A,PassiveSG_0174,slot-15 AI routine; same calls as Passive14_0174
06050FA0,PassiveSG_0175,slot-15 AI routine; same calls as Passive14_0175
0605105C,PassiveSG_0176,slot-15 AI routine; same calls as Passive14_0176
060510E2,PassiveSG_0177,slot-15 AI routine; same calls as Passive14_0177
0605114A,PassiveSG_0178,slot-15 AI routine; same calls as Passive14_0178
060511BC,PassiveSG_0179,slot-15 AI routine; same calls as Passive14_0179
06051278,PassiveSG_0180,slot-15 AI routine; same calls as Passive14_0180
06051330,PassiveSG_0181,slot-15 AI routine; same calls as Passive14_0181
060513BE,PassiveSG_0182,slot-15 AI routine; same calls as Passive14_0182
06051476,PassiveSG_0183,slot-15 AI routine; same calls as Passive14_0183
06051504,PassiveSG_0184,slot-15 AI routine; same calls as Passive14_0184
0605159C,PassiveSG_0185,slot-15 AI routine; same calls as Passive14_0185
06051626,PassiveSG_0186,slot-15 AI routine; same calls as Passive14_0186
060516A8,PassiveSG_0187,slot-15 AI routine; same calls as Passive14_0187
06051710,PassiveSG_0188,slot-15 AI routine; same calls as Passive14_0188
060517C0,PassiveSG_0189,slot-15 AI routine; same calls as Passive14_0189
06051846,PassiveSG_0190,slot-15 AI routine; same calls as Passive14_0190
060518C0,PassiveSG_0191,slot-15 AI routine; same calls as Passive14_0191
0605194E,PassiveSG_0192,slot-15 AI routine; same calls as Passive14_0192
06051A14,PassiveSG_0193,slot-15 AI routine; same calls as Passive14_0193
06051A5E,PassiveSG_0194,slot-15 AI routine; same calls as Passive14_0194
06051A9A,PassiveSG_0195,slot-15 AI routine; same calls as Passive14_0195
06051B10,PassiveSG_0196,slot-15 AI routine; same calls as Passive14_0196
06051B4C,PassiveSG_0197,slot-15 AI routine; same calls as Passive14_0197
06051C44,PassiveSG_0198,slot-15 AI routine; same calls as Passive14_0198
06051C64,PassiveSG_0199,slot-15 AI routine; same calls as Passive14_0199
06051CC8,PassiveSG_0200,slot-15 AI routine; same calls as Passive14_0200
06051D60,PassiveSG_0201,slot-15 AI routine; same calls as Passive14_0201
06051DCA,PassiveSG_0202,slot-15 AI routine; same calls as Passive14_0202
06051E50,PassiveSG_0203,slot-15 AI routine; same calls as Passive14_0203
06051EBA,PassiveSG_0204,slot-15 AI routine; same calls as Passive14_0204
06051F0A,PassiveSG_0205,slot-15 AI routine; same calls as Passive14_0205
06051F78,PassiveSG_0206,slot-15 AI routine; same calls as Passive14_0206
06051FC8,PassiveSG_0207,slot-15 AI routine; same calls as Passive14_0207
06052018,PassiveSG_0208,slot-15 AI routine; same calls as Passive14_0208
060520B2,PassiveSG_0209,slot-15 AI routine; same calls as Passive14_0209
06052128,PassiveSG_0210,slot-15 AI routine; same calls as Passive14_0210
060521C0,PassiveSG_0211,slot-15 AI routine; same calls as Passive14_0211
06052236,PassiveSG_0212,slot-15 AI routine; same calls as Passive14_0212
06052286,PassiveSG_0213,slot-15 AI routine; same calls as Passive14_0213
06052306,PassiveSG_0214,slot-15 AI routine; same calls as Passive14_0214
0605235A,PassiveSG_0215,slot-15 AI routine; same calls as Passive14_0215
060523AE,PassiveSG_0216,slot-15 AI routine; same calls as Passive14_0216
06052402,PassiveSG_0217,slot-15 AI routine; same calls as Passive14_0217
060524A4,PassiveSG_0218,slot-15 AI routine; same calls as Passive14_0218
06052528,PassiveSG_0219,slot-15 AI routine; same calls as Passive14_0219
060525CC,PassiveSG_0220,slot-15 AI routine; same calls as Passive14_0220
06052650,PassiveSG_0221,slot-15 AI routine; same calls as Passive14_0221
060526F8,PassiveSG_0222,slot-15 AI routine; same calls as Passive14_0222
060527A8,PassiveSG_0223,slot-15 AI routine; same calls as Passive14_0223
06052830,PassiveSG_0224,slot-15 AI routine; same calls as Passive14_0224
060528E0,PassiveSG_0225,slot-15 AI routine; same calls as Passive14_0225
06052958,PassiveSG_0226,slot-15 AI routine; same calls as Passive14_0226
060529D0,PassiveSG_0227,slot-15 AI routine; same calls as Passive14_0227
06052A48,PassiveSG_0228,slot-15 AI routine; same calls as Passive14_0228
06052ADC,PassiveSG_0229,slot-15 AI routine; same calls as Passive14_0229
06052B54,PassiveSG_0230,slot-15 AI routine; same calls as Passive14_0230
06052BFE,PassiveSG_0231,slot-15 AI routine; same calls as Passive14_0231
06052CDE,PassiveSG_0232,slot-15 AI routine; same calls as Passive14_0232
06052D08,PassiveSG_0233,slot-15 AI routine; same calls as Passive14_0233
06052D32,PassiveSG_0234,slot-15 AI routine; same calls as Passive14_0234
06052DCC,PassiveSG_0235,slot-15 AI routine; same calls as Passive14_0235
06052E2E,PassiveSG_0236,slot-15 AI routine; same calls as Passive14_0236
06052EF8,PassiveSG_0237,slot-15 AI routine; same calls as Passive14_0237
06052F44,PassiveSG_0238,slot-15 AI routine; same calls as Passive14_0238
06052F8E,PassiveSG_0239,slot-15 AI routine; same calls as Passive14_0239
06052FD8,PassiveSG_0240,slot-15 AI routine; same calls as Passive14_0240
06053022,PassiveSG_0241,slot-15 AI routine; same calls as Passive14_0241
060530D8,PassiveSG_0242,slot-15 AI routine; same calls as Passive14_0242
06053152,PassiveSG_0243,slot-15 AI routine; same calls as Passive14_0243
0605318C,PassiveSG_0244,slot-15 AI routine; same calls as Passive14_0244
0605323C,PassiveSG_0245,slot-15 AI routine; same calls as Passive14_0245
060532C2,PassiveSG_0246,slot-15 AI routine; same calls as Passive14_0246
0605336A,PassiveSG_0247,slot-15 AI routine; same calls as Passive14_0247
060533F0,PassiveSG_0248,slot-15 AI routine; same calls as Passive14_0248
06079CA4,ComputerSG,"dispatcher for character slot 15, absent from PS2; routines mirror character 14 (Akuma) with different numbers - presumably Shin Akuma"
06079CBC,PatternSG_0000,slot-15 AI routine; same calls as Pattern14_0000
06079CE4,PatternSG_0001,slot-15 AI routine; same calls as Pattern14_0001
06079D02,PatternSG_0002,slot-15 AI routine; same calls as Pattern14_0002
06079D22,PatternSG_0003,slot-15 AI routine; same calls as Pattern14_0003
06079D42,PatternSG_0004,slot-15 AI routine; same calls as Pattern14_0004
06079D62,PatternSG_0005,slot-15 AI routine; same calls as Pattern14_0005
06079DA4,PatternSG_0006,slot-15 AI routine; same calls as Pattern14_0006
06079DC4,PatternSG_0007,slot-15 AI routine; same calls as Pattern14_0007
06079DE4,PatternSG_0008,slot-15 AI routine; same calls as Pattern14_0008
06079E04,PatternSG_0009,slot-15 AI routine; same calls as Pattern14_0009
06079E24,PatternSG_0010,slot-15 AI routine; same calls as Pattern14_0010
06079E44,PatternSG_0011,slot-15 AI routine; same calls as Pattern14_0011
06079E64,PatternSG_0012,slot-15 AI routine; same calls as Pattern14_0012
06079E98,PatternSG_0013,slot-15 AI routine; same calls as Pattern14_0013
06079EB8,PatternSG_0014,slot-15 AI routine; same calls as Pattern14_0014
06079EEA,PatternSG_0015,slot-15 AI routine; same calls as Pattern14_0015
06079F1C,PatternSG_0016,slot-15 AI routine; same calls as Pattern14_0016
06079F4E,PatternSG_0017,slot-15 AI routine; same calls as Pattern14_0017
06079FAC,PatternSG_0018,slot-15 AI routine; same calls as Pattern14_0018
06079FDE,PatternSG_0019,slot-15 AI routine; same calls as Pattern14_0019
0607A010,PatternSG_0020,slot-15 AI routine; same calls as Pattern14_0020
0607A042,PatternSG_0021,slot-15 AI routine; same calls as Pattern14_0021
0607A074,PatternSG_0022,slot-15 AI routine; same calls as Pattern14_0022
0607A0BC,PatternSG_0023,slot-15 AI routine; same calls as Pattern14_0023
0607A104,PatternSG_0024,slot-15 AI routine; same calls as Pattern14_0024
0607A124,PatternSG_0025,slot-15 AI routine; same calls as Pattern14_0025
0607A156,PatternSG_0026,slot-15 AI routine; same calls as Pattern14_0026
0607A218,PatternSG_0027,slot-15 AI routine; same calls as Pattern14_0027
0607A270,PatternSG_0028,slot-15 AI routine; same calls as Pattern14_0028
0607A2DC,PatternSG_0029,slot-15 AI routine; same calls as Pattern14_0029
0607A380,PatternSG_0030,slot-15 AI routine; same calls as Pattern14_0030
0607A418,PatternSG_0031,slot-15 AI routine; same calls as Pattern14_0031
0607A4BC,PatternSG_0032,slot-15 AI routine; same calls as Pattern14_0032
0607A584,PatternSG_0033,slot-15 AI routine; same calls as Pattern14_0033
0607A62C,PatternSG_0034,slot-15 AI routine; same calls as Pattern14_0034
0607A6CE,PatternSG_0035,slot-15 AI routine; same calls as Pattern14_0035
0607A744,PatternSG_0036,slot-15 AI routine; same calls as Pattern14_0036
0607A806,PatternSG_0037,slot-15 AI routine; same calls as Pattern14_0037
0607A8D8,PatternSG_0038,slot-15 AI routine; same calls as Pattern14_0038
0607A91A,PatternSG_0039,slot-15 AI routine; same calls as Pattern14_0039
0607A95C,PatternSG_0040,slot-15 AI routine; same calls as Pattern14_0040
0607A99E,PatternSG_0041,slot-15 AI routine; same calls as Pattern14_0041
0607A9F6,PatternSG_0042,slot-15 AI routine; same calls as Pattern14_0042
0607AA7A,PatternSG_0043,slot-15 AI routine; same calls as Pattern14_0043
0607AACA,PatternSG_0044,slot-15 AI routine; same calls as Pattern14_0044
0607AB04,PatternSG_0045,slot-15 AI routine; same calls as Pattern14_0045
0607AB60,PatternSG_0046,slot-15 AI routine; same calls as Pattern14_0046
0607AB9A,PatternSG_0047,slot-15 AI routine; same calls as Pattern14_0047
0607ABCC,PatternSG_0048,slot-15 AI routine; same calls as Pattern14_0048
0607ABFE,PatternSG_0049,slot-15 AI routine; same calls as Pattern14_0049
0607AC30,PatternSG_0050,slot-15 AI routine; same calls as Pattern14_0050
0607AC66,PatternSG_0051,slot-15 AI routine; same calls as Pattern14_0051
0607ACE0,PatternSG_0052,slot-15 AI routine; same calls as Pattern14_0052
0607AD9A,PatternSG_0053,slot-15 AI routine; same calls as Pattern14_0053
0607ADE0,PatternSG_0054,slot-15 AI routine; same calls as Pattern14_0054
0607AE26,PatternSG_0055,slot-15 AI routine; same calls as Pattern14_0055
0607AE90,PatternSG_0056,slot-15 AI routine; same calls as Pattern14_0056
0607AEEE,PatternSG_0057,slot-15 AI routine; same calls as Pattern14_0057
0607AF68,PatternSG_0058,slot-15 AI routine; same calls as Pattern14_0058
0607AFE8,PatternSG_0059,slot-15 AI routine; same calls as Pattern14_0059
0607B0B4,PatternSG_0060,slot-15 AI routine; same calls as Pattern14_0060
0607B17C,PatternSG_0061,slot-15 AI routine; same calls as Pattern14_0061
0607B218,PatternSG_0062,slot-15 AI routine; same calls as Pattern14_0062
0607B2D6,PatternSG_0063,slot-15 AI routine; same calls as Pattern14_0063
0607B3CC,PatternSG_0064,slot-15 AI routine; same calls as Pattern14_0064
0607B4D2,PatternSG_0065,slot-15 AI routine; same calls as Pattern14_0065
0607B574,PatternSG_0066,slot-15 AI routine; same calls as Pattern14_0066
0607B628,PatternSG_0067,slot-15 AI routine; same calls as Pattern14_0067
0607B69E,PatternSG_0068,slot-15 AI routine; same calls as Pattern14_0068
0607B6FC,PatternSG_0069,slot-15 AI routine; same calls as Pattern14_0069
0607B746,PatternSG_0070,slot-15 AI routine; same calls as Pattern14_0070
0607B790,PatternSG_0071,slot-15 AI routine; same calls as Pattern14_0071
0607B7DA,PatternSG_0072,slot-15 AI routine; same calls as Pattern14_0072
0607B838,PatternSG_0073,slot-15 AI routine; same calls as Pattern14_0073
0607B874,PatternSG_0074,slot-15 AI routine; same calls as Pattern14_0074
0607B8B0,PatternSG_0075,slot-15 AI routine; same calls as Pattern14_0075
0607B8D0,PatternSG_0076,slot-15 AI routine; same calls as Pattern14_0076
0607B948,PatternSG_0077,slot-15 AI routine; same calls as Pattern14_0077
0607B98C,PatternSG_0078,slot-15 AI routine; same calls as Pattern14_0078
0607B9FC,PatternSG_0079,slot-15 AI routine; same calls as Pattern14_0079
0607BA5E,PatternSG_0080,slot-15 AI routine; same calls as Pattern14_0080
0607BA8A,PatternSG_0081,slot-15 AI routine; same calls as Pattern14_0081
0607BAE8,PatternSG_0082,slot-15 AI routine; same calls as Pattern14_0082
0607BB14,PatternSG_0083,slot-15 AI routine; same calls as Pattern14_0083
0607BB9C,PatternSG_0084,slot-15 AI routine; same calls as Pattern14_0084
0607BC2E,PatternSG_0085,slot-15 AI routine; same calls as Pattern14_0085
0607BC96,PatternSG_0086,slot-15 AI routine; same calls as Pattern14_0086
0607BCE4,PatternSG_0087,slot-15 AI routine; same calls as Pattern14_0087
0607BD94,PatternSG_0088,slot-15 AI routine; same calls as Pattern14_0088
0607BDF2,PatternSG_0089,slot-15 AI routine; same calls as Pattern14_0089
0607BE78,PatternSG_0090,slot-15 AI routine; same calls as Pattern14_0090
0607BEFA,PatternSG_0091,slot-15 AI routine; same calls as Pattern14_0091
0607BFBE,PatternSG_0092,slot-15 AI routine; same calls as Pattern14_0092
0607C028,PatternSG_0093,slot-15 AI routine; same calls as Pattern14_0093
0607C0C0,PatternSG_0094,slot-15 AI routine; same calls as Pattern14_0094
0607C12A,PatternSG_0095,slot-15 AI routine; same calls as Pattern14_0095
0607C1B0,PatternSG_0096,slot-15 AI routine; same calls as Pattern14_0096
0607C200,PatternSG_0097,slot-15 AI routine; same calls as Pattern14_0097
0607C250,PatternSG_0098,slot-15 AI routine; same calls as Pattern14_0098
0607C2A0,PatternSG_0099,slot-15 AI routine; same calls as Pattern14_0099
0607C2F0,PatternSG_0100,slot-15 AI routine; same calls as Pattern14_0100
0607C376,PatternSG_0101,slot-15 AI routine; same calls as Pattern14_0101
0607C3EC,PatternSG_0102,slot-15 AI routine; same calls as Pattern14_0102
0607C484,PatternSG_0103,slot-15 AI routine; same calls as Pattern14_0103
0607C4FA,PatternSG_0104,slot-15 AI routine; same calls as Pattern14_0104
0607C534,PatternSG_0105,slot-15 AI routine; same calls as Pattern14_0105
0607C58E,PatternSG_0106,slot-15 AI routine; same calls as Pattern14_0106
0607C5C8,PatternSG_0107,slot-15 AI routine; same calls as Pattern14_0107
0607C602,PatternSG_0108,slot-15 AI routine; same calls as Pattern14_0108
0607C6A6,PatternSG_0109,slot-15 AI routine; same calls as Pattern14_0109
0607C72A,PatternSG_0110,slot-15 AI routine; same calls as Pattern14_0110
0607C7CC,PatternSG_0111,slot-15 AI routine; same calls as Pattern14_0111
0607C850,PatternSG_0112,slot-15 AI routine; same calls as Pattern14_0112
0607C882,PatternSG_0113,slot-15 AI routine; same calls as Pattern14_0113
0607C918,PatternSG_0114,slot-15 AI routine; same calls as Pattern14_0114
0607C9C4,PatternSG_0115,slot-15 AI routine; same calls as Pattern14_0115
0607CA4E,PatternSG_0116,slot-15 AI routine; same calls as Pattern14_0116
0607CAF8,PatternSG_0117,slot-15 AI routine; same calls as Pattern14_0117
0607CB80,PatternSG_0118,slot-15 AI routine; same calls as Pattern14_0118
0607CC1A,PatternSG_0119,slot-15 AI routine; same calls as Pattern14_0119
0607CC92,PatternSG_0120,slot-15 AI routine; same calls as Pattern14_0120
0607CCE4,PatternSG_0121,slot-15 AI routine; same calls as Pattern14_0121
0607CD2C,PatternSG_0122,slot-15 AI routine; same calls as Pattern14_0122
0607CD74,PatternSG_0123,slot-15 AI routine; same calls as Pattern14_0123
0607CDBC,PatternSG_0124,slot-15 AI routine; same calls as Pattern14_0124
0607CE04,PatternSG_0125,slot-15 AI routine; same calls as Pattern14_0125
0607CE3E,PatternSG_0126,slot-15 AI routine; same calls as Pattern14_0126
0607CE78,PatternSG_0127,slot-15 AI routine; same calls as Pattern14_0127
0607CEB2,PatternSG_0128,slot-15 AI routine; same calls as Pattern14_0128
0607CF18,PatternSG_0129,slot-15 AI routine; same calls as Pattern14_0129
0607CF6C,PatternSG_0130,slot-15 AI routine; same calls as Pattern14_0130
0607CFA6,PatternSG_0131,slot-15 AI routine; same calls as Pattern14_0131
0607CFF8,PatternSG_0132,slot-15 AI routine; same calls as Pattern14_0132
0607D024,PatternSG_0133,slot-15 AI routine; same calls as Pattern14_0133
0607D050,PatternSG_0134,slot-15 AI routine; same calls as Pattern14_0134
0607D07C,PatternSG_0135,slot-15 AI routine; same calls as Pattern14_0135
0607D0A8,PatternSG_0136,slot-15 AI routine; same calls as Pattern14_0136
0607D108,PatternSG_0137,slot-15 AI routine; same calls as Pattern14_0137
0607D190,PatternSG_0138,slot-15 AI routine; same calls as Pattern14_0138
0607D23A,PatternSG_0139,slot-15 AI routine; same calls as Pattern14_0139
0607D2D0,PatternSG_0140,slot-15 AI routine; same calls as Pattern14_0140
0607D340,PatternSG_0141,slot-15 AI routine; same calls as Pattern14_0141
0607D37C,PatternSG_0142,slot-15 AI routine; same calls as Pattern14_0142
0607D422,PatternSG_0143,slot-15 AI routine; same calls as Pattern14_0143
0607D48E,PatternSG_0144,slot-15 AI routine; same calls as Pattern14_0144
0607D4E8,PatternSG_0145,slot-15 AI routine; same calls as Pattern14_0145
0607D560,PatternSG_0146,slot-15 AI routine; same calls as Pattern14_0146
0607D5F8,PatternSG_0147,slot-15 AI routine; same calls as Pattern14_0147
0607D670,PatternSG_0148,slot-15 AI routine; same calls as Pattern14_0148
06094DD8,Main_state0_arcade,"entry 0 of the 3-entry main table at 0x06194158 (entry 1 is Game, entry 2 is an empty stub)"
060953C4,Game0_0_arcade,entry 0 of the 6-entry table used by the arcade Game00 (PS2 Game00 has 3 sub-states: Game0_0..Game0_2); correspondence not settled
0609544C,Game0_1_arcade,entry 1 of the 6-entry table used by the arcade Game00 (PS2 Game00 has 3 sub-states: Game0_0..Game0_2); correspondence not settled
06095460,Game0_2_arcade,entries 2 and 4 of the 6-entry table used by the arcade Game00 (PS2 Game00 has 3 sub-states: Game0_0..Game0_2); correspondence not settled
06095478,Game0_3_arcade,entries 3 and 5 of the 6-entry table used by the arcade Game00 (PS2 Game00 has 3 sub-states: Game0_0..Game0_2); correspondence not settled
06095B8A,Game2_2_arcade,entry 2 of the arcade Game02 table: empty
0609D302,Lose_1_arcade,entry 0 of the Loser_Scene table at 0x0619463C; PS2 uses the Winner_Scene function here
0609D548,Lose_4_arcade,entry 3 of the Loser_Scene table at 0x0619463C; PS2 uses the Winner_Scene function here
0609D56C,Lose_5_arcade,entry 4 of the Loser_Scene table at 0x0619463C; PS2 uses the Winner_Scene function here
0609D596,Lose_6_arcade,entry 5 of the Loser_Scene table at 0x0619463C; PS2 uses the Winner_Scene function here
060A1744,After_Bonus_e2_arcade,"entry 2 of the 7-entry After_Bonus table; PS2 uses a Next_CPU step here, arcade has a separate function (entry 4 is Next_CPU_3rd in both)"
060A18BC,After_Bonus_e3_arcade,"entry 3 of the 7-entry After_Bonus table; PS2 uses a Next_CPU step here, arcade has a separate function (entry 4 is Next_CPU_3rd in both)"
060A18E4,After_Bonus_e5_arcade,"entry 5 of the 7-entry After_Bonus table; PS2 uses a Next_CPU step here, arcade has a separate function (entry 4 is Next_CPU_3rd in both)"
060A1A4C,After_Bonus_e6_arcade,"entry 6 of the 7-entry After_Bonus table; PS2 uses a Next_CPU step here, arcade has a separate function (entry 4 is Next_CPU_3rd in both)"
060A3004,testmenu_cfgA_060A3004,operator test menu page built like the game configuration page (same layout of functions); called from system code at 0x06135A28; which page is not settled
060A3060,testmenu_cfgA_060A3060,operator test menu page built like the game configuration page (same layout of functions); called from system code at 0x06135A28; which page is not settled
060A30C4,testmenu_cfgA_060A30C4,operator test menu page built like the game configuration page (same layout of functions); called from system code at 0x06135A28; which page is not settled; entry 0 of its table at 0x06195810
060A3322,testmenu_cfgA_060A3322,operator test menu page built like the game configuration page (same layout of functions); called from system code at 0x06135A28; which page is not settled; entry 1 of its table at 0x06195810
060A33BC,testmenu_cfgA_060A33BC,operator test menu page built like the game configuration page (same layout of functions); called from system code at 0x06135A28; which page is not settled
060A34FE,testmenu_cfgA_060A34FE,operator test menu page built like the game configuration page (same layout of functions); called from system code at 0x06135A28; which page is not settled; entry 4 of its table at 0x06195810
060A35A6,testmenu_cfgA_060A35A6,operator test menu page built like the game configuration page (same layout of functions); called from system code at 0x06135A28; which page is not settled; entry 5 of its table at 0x06195810
060A3648,testmenu_cfgA_060A3648,operator test menu page built like the game configuration page (same layout of functions); called from system code at 0x06135A28; which page is not settled; entry 6 of its table at 0x06195810
060A3718,testmenu_cfgA_060A3718,operator test menu page built like the game configuration page (same layout of functions); called from system code at 0x06135A28; which page is not settled; entry 7 of its table at 0x06195810
060A37DC,testmenu_cfgA_060A37DC,operator test menu page built like the game configuration page (same layout of functions); called from system code at 0x06135A28; which page is not settled; entry 8 of its table at 0x06195810
060A38D8,testmenu_cfgA_060A38D8,operator test menu page built like the game configuration page (same layout of functions); called from system code at 0x06135A28; which page is not settled; entry 9 of its table at 0x06195810
060A39A4,testmenu_cfgA_060A39A4,operator test menu page built like the game configuration page (same layout of functions); called from system code at 0x06135A28; which page is not settled; entry 10 of its table at 0x06195810
060A3A50,testmenu_cfgA_060A3A50,operator test menu page built like the game configuration page (same layout of functions); called from system code at 0x06135A28; which page is not settled; entry 11 of its table at 0x06195810
060A3A94,testmenu_cfgA_060A3A94,operator test menu page built like the game configuration page (same layout of functions); called from system code at 0x06135A28; which page is not settled
060A3AF8,testmenu_cfgA_060A3AF8,operator test menu page built like the game configuration page (same layout of functions); called from system code at 0x06135A28; which page is not settled
060A3B44,testmenu_cfgA_060A3B44,operator test menu page built like the game configuration page (same layout of functions); called from system code at 0x06135A28; which page is not settled
060A3BBC,testmenu_cfgA_060A3BBC,operator test menu page built like the game configuration page (same layout of functions); called from system code at 0x06135A28; which page is not settled
060A3BD6,testmenu_cfgA_060A3BD6,operator test menu page built like the game configuration page (same layout of functions); called from system code at 0x06135A28; which page is not settled
060A3C30,testmenu_cfgA_060A3C30,operator test menu page built like the game configuration page (same layout of functions); called from system code at 0x06135A28; which page is not settled
060A3C64,testmenu_cfgA_060A3C64,operator test menu page built like the game configuration page (same layout of functions); called from system code at 0x06135A28; which page is not settled
060A3C9C,testmenu_gamecfg_060A3C9C,"operator test menu page ""7-2. GAME CONFIGURATION"" (difficulty, damage, timer, rounds, event, bonus game); entry 0 of its table at 0x06195908"
060A3EB0,testmenu_gamecfg_060A3EB0,"operator test menu page ""7-2. GAME CONFIGURATION"" (difficulty, damage, timer, rounds, event, bonus game); entry 1 of its table at 0x06195908"
060A3F1A,testmenu_gamecfg_060A3F1A,"operator test menu page ""7-2. GAME CONFIGURATION"" (difficulty, damage, timer, rounds, event, bonus game)"
060A4028,testmenu_gamecfg_060A4028,"operator test menu page ""7-2. GAME CONFIGURATION"" (difficulty, damage, timer, rounds, event, bonus game); entry 2 of its table at 0x06195908"
060A40DA,testmenu_gamecfg_060A40DA,"operator test menu page ""7-2. GAME CONFIGURATION"" (difficulty, damage, timer, rounds, event, bonus game); entry 3 of its table at 0x06195908"
060A417C,testmenu_gamecfg_060A417C,"operator test menu page ""7-2. GAME CONFIGURATION"" (difficulty, damage, timer, rounds, event, bonus game); entry 4 of its table at 0x06195908"
060A4248,testmenu_gamecfg_060A4248,"operator test menu page ""7-2. GAME CONFIGURATION"" (difficulty, damage, timer, rounds, event, bonus game); entry 5 of its table at 0x06195908"
060A4312,testmenu_gamecfg_060A4312,"operator test menu page ""7-2. GAME CONFIGURATION"" (difficulty, damage, timer, rounds, event, bonus game); entry 6 of its table at 0x06195908"
060A4414,testmenu_gamecfg_060A4414,"operator test menu page ""7-2. GAME CONFIGURATION"" (difficulty, damage, timer, rounds, event, bonus game); entry 7 of its table at 0x06195908"
060A44E6,testmenu_gamecfg_060A44E6,"operator test menu page ""7-2. GAME CONFIGURATION"" (difficulty, damage, timer, rounds, event, bonus game); entry 8 of its table at 0x06195908"
060A4598,testmenu_gamecfg_060A4598,"operator test menu page ""7-2. GAME CONFIGURATION"" (difficulty, damage, timer, rounds, event, bonus game); entry 9 of its table at 0x06195908"
060A45B6,testmenu_gamecfg_060A45B6,"operator test menu page ""7-2. GAME CONFIGURATION"" (difficulty, damage, timer, rounds, event, bonus game)"
060A461A,testmenu_gamecfg_060A461A,"operator test menu page ""7-2. GAME CONFIGURATION"" (difficulty, damage, timer, rounds, event, bonus game)"
060A4666,testmenu_gamecfg_060A4666,"operator test menu page ""7-2. GAME CONFIGURATION"" (difficulty, damage, timer, rounds, event, bonus game)"
060A46C0,testmenu_gamecfg_060A46C0,"operator test menu page ""7-2. GAME CONFIGURATION"" (difficulty, damage, timer, rounds, event, bonus game)"
060A4714,testmenu_gamecfg_060A4714,"operator test menu page ""7-2. GAME CONFIGURATION"" (difficulty, damage, timer, rounds, event, bonus game)"
060A4748,dbg_tool_main,"top of the developer object/hit-box tool: runs the 2-entry table at 0x06195BA8; no caller found, so it may be unreachable in this build"
060A4858,dbg_060A4858,part of the developer object/hit-box tool block 0x060A4748-0x060B27FF
060A4886,dbg_060A4886,part of the developer object/hit-box tool block 0x060A4748-0x060B27FF
060A49BC,dbg_060A49BC,part of the developer object/hit-box tool block 0x060A4748-0x060B27FF
060A49F2,dbg_060A49F2,part of the developer object/hit-box tool block 0x060A4748-0x060B27FF
060A4BC8,dbg_060A4BC8,part of the developer object/hit-box tool block 0x060A4748-0x060B27FF
060A4BEE,dbg_tool_init,entry 0 of the table at 0x06195BA8
060A4C2E,dbg_tool_menu,entry 1 of the table at 0x06195BA8; picks one of the 14 modes at 0x06195BB8
060A4D30,dbg_060A4D30,part of the developer object/hit-box tool block 0x060A4748-0x060B27FF
060A4D92,dbg_mode0_bg_select,"mode 0 of the developer tool; screen title ""BG SELECT"""
060A4DD2,dbg_mode0_bg_select_step0,"step 0 of mode 0 (""BG SELECT"")"
060A4E48,dbg_mode0_bg_select_step1,"step 1 of mode 0 (""BG SELECT"")"
060A4EDA,dbg_mode1_object_look,"mode 1 of the developer tool; screen title ""OBJECT LOOK"""
060A4F60,dbg_mode1_object_look_step0,"step 0 of mode 1 (""OBJECT LOOK"")"
060A500A,dbg_mode1_object_look_step1,"step 1 of mode 1 (""OBJECT LOOK"")"
060A53A8,dbg_mode2_object_edit,"mode 2 of the developer tool; screen title ""OBJECT EDIT"""
060A546C,dbg_mode2_object_edit_step0,"step 0 of mode 2 (""OBJECT EDIT"")"
060A55F4,dbg_mode2_object_edit_step1,"step 1 of mode 2 (""OBJECT EDIT"")"
060A5A4E,dbg_060A5A4E,part of the developer object/hit-box tool block 0x060A4748-0x060B27FF
060A5CEC,dbg_060A5CEC,part of the developer object/hit-box tool block 0x060A4748-0x060B27FF
060A5E32,dbg_mode3_object_edit_all,"mode 3 of the developer tool; screen title ""OBJECT EDIT -ALL CHAR VERSION-"""
060A5EF0,dbg_mode3_object_edit_all_step0,"step 0 of mode 3 (""OBJECT EDIT -ALL CHAR VERSION-"")"
060A6060,dbg_mode3_object_edit_all_step1,"step 1 of mode 3 (""OBJECT EDIT -ALL CHAR VERSION-"")"
060A64BA,dbg_060A64BA,part of the developer object/hit-box tool block 0x060A4748-0x060B27FF
060A6564,dbg_060A6564,part of the developer object/hit-box tool block 0x060A4748-0x060B27FF
060A65D4,dbg_060A65D4,part of the developer object/hit-box tool block 0x060A4748-0x060B27FF
060A6678,dbg_060A6678,part of the developer object/hit-box tool block 0x060A4748-0x060B27FF
060A66EE,dbg_060A66EE,part of the developer object/hit-box tool block 0x060A4748-0x060B27FF
060A6744,dbg_060A6744,part of the developer object/hit-box tool block 0x060A4748-0x060B27FF
060A6A9A,dbg_mode4_hit_judgment,"mode 4 of the developer tool; screen title ""HIT JUDGMENT"""
060A6B44,dbg_mode4_hit_judgment_step0,"step 0 of mode 4 (""HIT JUDGMENT"")"
060A6DC0,dbg_mode4_hit_judgment_step1,"step 1 of mode 4 (""HIT JUDGMENT"")"
060A7122,dbg_mode4_hit_judgment_step2,"step 2 of mode 4 (""HIT JUDGMENT"")"
060A7200,dbg_060A7200,part of the developer object/hit-box tool block 0x060A4748-0x060B27FF
060A7780,dbg_060A7780,part of the developer object/hit-box tool block 0x060A4748-0x060B27FF
060A77CC,dbg_060A77CC,part of the developer object/hit-box tool block 0x060A4748-0x060B27FF
060A780C,dbg_060A780C,part of the developer object/hit-box tool block 0x060A4748-0x060B27FF
060A7868,dbg_mode4_hit_judgment_step3,"step 3 of mode 4 (""HIT JUDGMENT"")"
060A7A7C,dbg_060A7A7C,part of the developer object/hit-box tool block 0x060A4748-0x060B27FF
060A7B04,dbg_060A7B04,part of the developer object/hit-box tool block 0x060A4748-0x060B27FF
060A7F60,dbg_060A7F60,part of the developer object/hit-box tool block 0x060A4748-0x060B27FF
060A7FB2,dbg_060A7FB2,part of the developer object/hit-box tool block 0x060A4748-0x060B27FF
060A7FF8,dbg_060A7FF8,part of the developer object/hit-box tool block 0x060A4748-0x060B27FF
060A820C,dbg_060A820C,part of the developer object/hit-box tool block 0x060A4748-0x060B27FF
060A8240,dbg_060A8240,part of the developer object/hit-box tool block 0x060A4748-0x060B27FF
060A827C,dbg_060A827C,part of the developer object/hit-box tool block 0x060A4748-0x060B27FF
060A8314,dbg_060A8314,part of the developer object/hit-box tool block 0x060A4748-0x060B27FF
060A8844,dbg_060A8844,part of the developer object/hit-box tool block 0x060A4748-0x060B27FF
060A9164,dbg_060A9164,part of the developer object/hit-box tool block 0x060A4748-0x060B27FF
060A9560,dbg_mode4_hit_judgment_step4,"step 4 of mode 4 (""HIT JUDGMENT"")"
060A962A,dbg_mode4_hit_judgment_step5,"step 5 of mode 4 (""HIT JUDGMENT"")"
060A96D4,dbg_060A96D4,part of the developer object/hit-box tool block 0x060A4748-0x060B27FF
060A96F0,dbg_060A96F0,part of the developer object/hit-box tool block 0x060A4748-0x060B27FF
060A9846,dbg_060A9846,part of the developer object/hit-box tool block 0x060A4748-0x060B27FF
060A98B8,dbg_060A98B8,part of the developer object/hit-box tool block 0x060A4748-0x060B27FF
060A994C,dbg_catch_judgement,"dispatcher for the ""CATCH JUDJEMENT"" screen (table at 0x06195D4C)"
060A9A04,dbg_catch_judgement_step0,"step 0 of ""CATCH JUDJEMENT"""
060A9B4C,dbg_catch_judgement_step1,"step 1 of ""CATCH JUDJEMENT"""
060A9E0C,dbg_mode5_tikuji_ikkatu,"mode 5 of the developer tool; screen title ""TIKUJI / IKKATU"""
060A9E58,dbg_mode5_tikuji_ikkatu_step0,"step 0 of mode 5 (""TIKUJI / IKKATU"")"
060A9FD0,dbg_mode5_tikuji_ikkatu_step1,"step 1 of mode 5 (""TIKUJI / IKKATU"")"
060AA5B4,dbg_mode6_parts,"mode 6 of the developer tool; screen title ""PARTS"""
060AA660,dbg_mode6_parts_step0,"step 0 of mode 6 (""PARTS"")"
060AA872,dbg_mode6_parts_step1,"step 1 of mode 6 (""PARTS"")"
060AAC9C,dbg_060AAC9C,part of the developer object/hit-box tool block 0x060A4748-0x060B27FF
060AAF1C,dbg_060AAF1C,part of the developer object/hit-box tool block 0x060A4748-0x060B27FF
060AAFFC,dbg_060AAFFC,part of the developer object/hit-box tool block 0x060A4748-0x060B27FF
060AB094,dbg_060AB094,part of the developer object/hit-box tool block 0x060A4748-0x060B27FF
060AB0D8,dbg_060AB0D8,part of the developer object/hit-box tool block 0x060A4748-0x060B27FF
060AB1E2,dbg_060AB1E2,part of the developer object/hit-box tool block 0x060A4748-0x060B27FF
060AB27C,dbg_060AB27C,part of the developer object/hit-box tool block 0x060A4748-0x060B27FF
060AB290,dbg_060AB290,part of the developer object/hit-box tool block 0x060A4748-0x060B27FF
060AB2AC,dbg_060AB2AC,part of the developer object/hit-box tool block 0x060A4748-0x060B27FF
060AB2BC,dbg_060AB2BC,part of the developer object/hit-box tool block 0x060A4748-0x060B27FF
060AB2D4,dbg_060AB2D4,part of the developer object/hit-box tool block 0x060A4748-0x060B27FF
060AB334,dbg_060AB334,part of the developer object/hit-box tool block 0x060A4748-0x060B27FF
060AB3B8,dbg_060AB3B8,part of the developer object/hit-box tool block 0x060A4748-0x060B27FF
060AB43A,dbg_060AB43A,part of the developer object/hit-box tool block 0x060A4748-0x060B27FF
060AB494,dbg_060AB494,part of the developer object/hit-box tool block 0x060A4748-0x060B27FF
060AB4D8,dbg_060AB4D8,part of the developer object/hit-box tool block 0x060A4748-0x060B27FF
060AB4E8,dbg_060AB4E8,part of the developer object/hit-box tool block 0x060A4748-0x060B27FF
060AB542,dbg_060AB542,part of the developer object/hit-box tool block 0x060A4748-0x060B27FF
060AB6A6,dbg_060AB6A6,part of the developer object/hit-box tool block 0x060A4748-0x060B27FF
060AB6D4,dbg_060AB6D4,part of the developer object/hit-box tool block 0x060A4748-0x060B27FF
060AB82A,dbg_060AB82A,part of the developer object/hit-box tool block 0x060A4748-0x060B27FF
060AB9F4,dbg_060AB9F4,part of the developer object/hit-box tool block 0x060A4748-0x060B27FF
060ABD5A,dbg_060ABD5A,part of the developer object/hit-box tool block 0x060A4748-0x060B27FF
060ABD5E,dbg_060ABD5E,part of the developer object/hit-box tool block 0x060A4748-0x060B27FF
060ABD80,dbg_060ABD80,part of the developer object/hit-box tool block 0x060A4748-0x060B27FF
060ABDA2,dbg_060ABDA2,part of the developer object/hit-box tool block 0x060A4748-0x060B27FF
060ABDC2,dbg_060ABDC2,part of the developer object/hit-box tool block 0x060A4748-0x060B27FF
060ABDE2,dbg_060ABDE2,part of the developer object/hit-box tool block 0x060A4748-0x060B27FF
060ABE04,dbg_060ABE04,part of the developer object/hit-box tool block 0x060A4748-0x060B27FF
060ABE40,dbg_060ABE40,part of the developer object/hit-box tool block 0x060A4748-0x060B27FF
060ABE64,dbg_060ABE64,part of the developer object/hit-box tool block 0x060A4748-0x060B27FF
060ABEFE,dbg_060ABEFE,part of the developer object/hit-box tool block 0x060A4748-0x060B27FF
060ABF3C,dbg_060ABF3C,part of the developer object/hit-box tool block 0x060A4748-0x060B27FF
060AC12C,dbg_060AC12C,part of the developer object/hit-box tool block 0x060A4748-0x060B27FF
060AC1D2,dbg_060AC1D2,"part of the developer object/hit-box tool block 0x060A4748-0x060B27FF; prints the ""1P S1 UJA"" animation-table labels"
060AC3C0,dbg_060AC3C0,part of the developer object/hit-box tool block 0x060A4748-0x060B27FF
060AC470,dbg_060AC470,part of the developer object/hit-box tool block 0x060A4748-0x060B27FF
060AC534,dbg_060AC534,part of the developer object/hit-box tool block 0x060A4748-0x060B27FF
060AC610,dbg_060AC610,part of the developer object/hit-box tool block 0x060A4748-0x060B27FF
060AC63C,dbg_060AC63C,part of the developer object/hit-box tool block 0x060A4748-0x060B27FF
060AC84C,dbg_060AC84C,part of the developer object/hit-box tool block 0x060A4748-0x060B27FF
060AC8BE,dbg_060AC8BE,part of the developer object/hit-box tool block 0x060A4748-0x060B27FF
060ACCAE,dbg_060ACCAE,part of the developer object/hit-box tool block 0x060A4748-0x060B27FF
060ACD24,dbg_060ACD24,part of the developer object/hit-box tool block 0x060A4748-0x060B27FF
060ACE46,dbg_060ACE46,part of the developer object/hit-box tool block 0x060A4748-0x060B27FF
060ACF96,dbg_060ACF96,part of the developer object/hit-box tool block 0x060A4748-0x060B27FF
060AD06A,dbg_060AD06A,part of the developer object/hit-box tool block 0x060A4748-0x060B27FF
060AD104,dbg_060AD104,part of the developer object/hit-box tool block 0x060A4748-0x060B27FF
060AD414,dbg_060AD414,part of the developer object/hit-box tool block 0x060A4748-0x060B27FF
060AD4C8,dbg_060AD4C8,part of the developer object/hit-box tool block 0x060A4748-0x060B27FF
060AD582,dbg_060AD582,part of the developer object/hit-box tool block 0x060A4748-0x060B27FF
060AD618,dbg_060AD618,part of the developer object/hit-box tool block 0x060A4748-0x060B27FF
060AD64A,dbg_060AD64A,part of the developer object/hit-box tool block 0x060A4748-0x060B27FF
060AD678,dbg_060AD678,part of the developer object/hit-box tool block 0x060A4748-0x060B27FF
060AD7AC,dbg_060AD7AC,part of the developer object/hit-box tool block 0x060A4748-0x060B27FF
060ADB34,dbg_060ADB34,part of the developer object/hit-box tool block 0x060A4748-0x060B27FF
060ADE80,dbg_060ADE80,part of the developer object/hit-box tool block 0x060A4748-0x060B27FF
060ADE9E,dbg_060ADE9E,part of the developer object/hit-box tool block 0x060A4748-0x060B27FF
060ADEEC,dbg_060ADEEC,part of the developer object/hit-box tool block 0x060A4748-0x060B27FF
060ADF16,dbg_060ADF16,part of the developer object/hit-box tool block 0x060A4748-0x060B27FF
060AE46C,dbg_060AE46C,part of the developer object/hit-box tool block 0x060A4748-0x060B27FF
060AE49C,dbg_060AE49C,part of the developer object/hit-box tool block 0x060A4748-0x060B27FF
060AE552,dbg_060AE552,part of the developer object/hit-box tool block 0x060A4748-0x060B27FF
060AE5B8,dbg_060AE5B8,part of the developer object/hit-box tool block 0x060A4748-0x060B27FF
060AE7E8,dbg_060AE7E8,part of the developer object/hit-box tool block 0x060A4748-0x060B27FF
060AE9A4,dbg_060AE9A4,part of the developer object/hit-box tool block 0x060A4748-0x060B27FF
060AE9BC,dbg_060AE9BC,part of the developer object/hit-box tool block 0x060A4748-0x060B27FF
060AED5C,dbg_060AED5C,part of the developer object/hit-box tool block 0x060A4748-0x060B27FF
060AEDBE,dbg_060AEDBE,part of the developer object/hit-box tool block 0x060A4748-0x060B27FF
060AEDF8,dbg_060AEDF8,part of the developer object/hit-box tool block 0x060A4748-0x060B27FF
060AEE48,dbg_060AEE48,part of the developer object/hit-box tool block 0x060A4748-0x060B27FF
060AEE8E,dbg_060AEE8E,part of the developer object/hit-box tool block 0x060A4748-0x060B27FF
060AEF32,dbg_060AEF32,part of the developer object/hit-box tool block 0x060A4748-0x060B27FF
060AEF4E,dbg_060AEF4E,part of the developer object/hit-box tool block 0x060A4748-0x060B27FF; prints BCP / BCE / BCB
060AEFE8,dbg_060AEFE8,part of the developer object/hit-box tool block 0x060A4748-0x060B27FF
060AF06A,dbg_060AF06A,part of the developer object/hit-box tool block 0x060A4748-0x060B27FF
060AF388,dbg_060AF388,"part of the developer object/hit-box tool block 0x060A4748-0x060B27FF; prints KAKUSYUKU ON/OFF, FRAME ON/OFF"
060AF3D2,dbg_060AF3D2,part of the developer object/hit-box tool block 0x060A4748-0x060B27FF
060AF502,dbg_060AF502,part of the developer object/hit-box tool block 0x060A4748-0x060B27FF
060AF51C,dbg_060AF51C,part of the developer object/hit-box tool block 0x060A4748-0x060B27FF; prints HOLD / FREE / COPY / USER / DEFINE
060AF924,dbg_060AF924,part of the developer object/hit-box tool block 0x060A4748-0x060B27FF
060AFD04,dbg_060AFD04,part of the developer object/hit-box tool block 0x060A4748-0x060B27FF
060B02AE,dbg_060B02AE,part of the developer object/hit-box tool block 0x060A4748-0x060B27FF
060B02B8,dbg_060B02B8,part of the developer object/hit-box tool block 0x060A4748-0x060B27FF; prints OVER WRITE / INSERT / ADDITION
060B03A8,dbg_060B03A8,part of the developer object/hit-box tool block 0x060A4748-0x060B27FF; prints NOTHING / PARTS 1-4
060B090E,dbg_060B090E,part of the developer object/hit-box tool block 0x060A4748-0x060B27FF
060B0A5E,dbg_060B0A5E,part of the developer object/hit-box tool block 0x060A4748-0x060B27FF
060B0A74,dbg_060B0A74,part of the developer object/hit-box tool block 0x060A4748-0x060B27FF
060B0AF0,dbg_060B0AF0,part of the developer object/hit-box tool block 0x060A4748-0x060B27FF
060B0B4C,dbg_060B0B4C,part of the developer object/hit-box tool block 0x060A4748-0x060B27FF
060B1280,dbg_060B1280,part of the developer object/hit-box tool block 0x060A4748-0x060B27FF
060B1750,dbg_060B1750,part of the developer object/hit-box tool block 0x060A4748-0x060B27FF
060B1C58,dbg_060B1C58,part of the developer object/hit-box tool block 0x060A4748-0x060B27FF
060B1E18,dbg_060B1E18,part of the developer object/hit-box tool block 0x060A4748-0x060B27FF
060B1F1C,dbg_060B1F1C,part of the developer object/hit-box tool block 0x060A4748-0x060B27FF
060B20A4,dbg_060B20A4,part of the developer object/hit-box tool block 0x060A4748-0x060B27FF
060B221C,dbg_060B221C,part of the developer object/hit-box tool block 0x060A4748-0x060B27FF
060B252A,dbg_060B252A,part of the developer object/hit-box tool block 0x060A4748-0x060B27FF
060B257A,dbg_060B257A,part of the developer object/hit-box tool block 0x060A4748-0x060B27FF
060B25E4,dbg_060B25E4,part of the developer object/hit-box tool block 0x060A4748-0x060B27FF
060B272C,dbg_060B272C,part of the developer object/hit-box tool block 0x060A4748-0x060B27FF
060D4428,dbg_mode7,mode 7 of the developer tool (in the 0x060D4000 block; sets up a fight and runs the hit check)
060D45B4,dbg_mode8,mode 8 of the developer tool (in the 0x060D4000 block; sets up a fight and runs the hit check)
060D4740,dbg_mode9,mode 9 of the developer tool (in the 0x060D4000 block; sets up a fight and runs the hit check)
060D48CC,dbg_mode10,mode 10 of the developer tool (in the 0x060D4000 block; sets up a fight and runs the hit check)
060D4A58,dbg_mode11,mode 11 of the developer tool (in the 0x060D4000 block; sets up a fight and runs the hit check)
060D4BE4,dbg_mode12,mode 12 of the developer tool (in the 0x060D4000 block; sets up a fight and runs the hit check)
060D4C4C,dbg_mode13,mode 13 of the developer tool (in the 0x060D4000 block; sets up a fight and runs the hit check)
0611CE6C,func_0611CE6C,player input check with no PS2 counterpart (waza_flag[13] -> routine 19)
0611CFDE,func_0611CFDE,enters player routines 11/12 from lever_dir; no PS2 counterpart
0611D150,func_0611D150,leaves player routines 11/12 when the lever changes; no PS2 counterpart
0612D584,rt_divs,compiler runtime: signed divide (r1 / r0); used by check_dm_att_guard
