arcade_addr,name,note
0611CEA4,check_jump_ready,read by hand: sw_new&1 then waza_flag[2] -> routine 17 or 16; no spmv_ng_flag tests in arcade
0611CF76,check_bend_myself,read by hand: sw_new&2 -> routine 8
0611CF9C,check_F_R_walk,read by hand: lever_dir 1/2 -> routine 3/4
0611CF04,check_hijump_only,read by hand: identical to PS2
0611CE6C,,arcade-only: if !(spmv_ng_flag & 0x10000) and cp->waza_flag[13] != 0 -> routine_no[2] = 19; called from the standing state before check_jump_ready
0608D5F6,check_normal_attack,read by hand: sel_sp_ch_tbl[waza >> 3] == 0
0608D6E4,check_dm_att_guard,read by hand: two parameters in arcade
0608DAE8,defense_sky,read by hand: arcade logic differs (see src/arcade/hand/HITCHECK.c)
0608DBEC,blocking_point_count_up,read by hand
0608DC44,defense_ground,read by hand: arcade logic differs (see src/arcade/hand/HITCHECK.c)
0611CDA0,check_F_R_dash,read by hand: same as PS2 except Bonus_Game_Flag is compared with 21 (PS2: 20)
0611D03E,check_turn_to_back,read by hand: same as PS2 except Bonus_Game_Flag 21 and check_rl_flag inlined
0611D0BA,check_hurimuki,read by hand: identical to PS2
0611D0E4,check_walking_lv_dir,read by hand: identical to PS2
0611CFDE,,arcade-only: lever_dir 1/2 -> routine 11/12 unless spmv_ng_flag bit 1/2
0611D150,,arcade-only: check_walking_lv_dir variant for routines 11/12
06121EC0,Normal_31000,read by hand: arcade parry start has no dm_stop negation and no subtract_dm_vital
06124BC4,subtract_dm_vital,read by hand: PS2 training/rumble additions absent
0608D638,hit_pattern_extdat_check,by position between check_normal_attack and check_dm_att_guard; called where PS2 calls it
0611E0D6,random_32,read by hand: index & 0x7F; no Debug_w reset
0611E0EE,random_16,read by hand: index & 0x3F; no Debug_w reset
0611E106,random_32_ex,read by hand: index & 0x1F
0611E11E,random_16_ex,read by hand: index & 0xF
06117EE2,footwork_check,read by hand: plw[ix] routine_no[1] == 0 and routine_no[2] == 1
0610007E,effect_D3_init,called from plcnt_move exactly where PS2 calls effect_D3_init with the same argument logic
06014090,VS_MAKOTO_AS,read by hand: returns 0 (position fixed by align_file.py)
060148C6,VS_MAKOTO_A,read by hand: returns 0
060150C4,VS_MAKOTO_BS,read by hand: one Check_Special_Technique call
06015A32,VS_MAKOTO_B,read by hand
0601622E,VS_MAKOTO_CS,read by hand
06016ADA,VS_MAKOTO_C,read by hand
0601674A,VS_IBUKI_C,read by hand: technique 24 where PS2 has 8
06099B56,Setup_Win_Mark,by call position in Game_Manage_4th (read by hand)
0609C2F0,Check_Perfect,by call position in Game_Manage_4th (read by hand): called with Winner_id
0609C280,Judge_Next_Disposal,by call position in Game_Manage_4th (read by hand): its result selects C_No[0] = 4
06064744,Computer00,slot 0 of the per-character dispatcher table at 0613E544
06065794,Computer01,slot 1 of the per-character dispatcher table at 0613E544
06066874,Computer02,slot 2 of the per-character dispatcher table at 0613E544
06067C00,Computer03,slot 3 of the per-character dispatcher table at 0613E544
06068FC0,Computer04,slot 4 of the per-character dispatcher table at 0613E544
0606A110,Computer05,slot 5 of the per-character dispatcher table at 0613E544
0606B0DC,Computer06,slot 6 of the per-character dispatcher table at 0613E544
0606C024,Computer07,slot 7 of the per-character dispatcher table at 0613E544
0606D7D0,Computer08,slot 8 of the per-character dispatcher table at 0613E544
0606EBFC,Computer09,slot 9 of the per-character dispatcher table at 0613E544
06070A18,Computer10,slot 10 of the per-character dispatcher table at 0613E544
06071E38,Computer11,slot 11 of the per-character dispatcher table at 0613E544
06073664,Computer12,slot 12 of the per-character dispatcher table at 0613E544
06074D5C,Computer13,slot 13 of the per-character dispatcher table at 0613E544
06076180,Computer14,slot 14 of the per-character dispatcher table at 0613E544
06079CA4,,character 15 dispatcher (arcade-only character slot)
0607D708,Computer15,slot 16 of the per-character dispatcher table at 0613E544
0607E780,Computer16,slot 17 of the per-character dispatcher table at 0613E544
0607F8B4,Computer17,slot 18 of the per-character dispatcher table at 0613E544
06080FC8,Computer18,slot 19 of the per-character dispatcher table at 0613E544
06082B24,Computer19,slot 20 of the per-character dispatcher table at 0613E544
06016E50,Passive00,slot 0 of the per-character dispatcher table at 0613E5EC
06019E34,Passive01,slot 1 of the per-character dispatcher table at 0613E5EC
0601D380,Passive02,slot 2 of the per-character dispatcher table at 0613E5EC
0601FDBC,Passive03,slot 3 of the per-character dispatcher table at 0613E5EC
060228F0,Passive04,slot 4 of the per-character dispatcher table at 0613E5EC
06025204,Passive05,slot 5 of the per-character dispatcher table at 0613E5EC
06026D8C,Passive06,slot 6 of the per-character dispatcher table at 0613E5EC
06029DC0,Passive07,slot 7 of the per-character dispatcher table at 0613E5EC
0602E748,Passive08,slot 8 of the per-character dispatcher table at 0613E5EC
060330F0,Passive09,slot 9 of the per-character dispatcher table at 0613E5EC
06035AA8,Passive10,slot 10 of the per-character dispatcher table at 0613E5EC
060389A8,Passive11,slot 11 of the per-character dispatcher table at 0613E5EC
0603E0D0,Passive12,slot 12 of the per-character dispatcher table at 0613E5EC
06042F84,Passive13,slot 13 of the per-character dispatcher table at 0613E5EC
060461FC,Passive14,slot 14 of the per-character dispatcher table at 0613E5EC
0604CBD8,,character 15 dispatcher (arcade-only character slot)
06053460,Passive15,slot 16 of the per-character dispatcher table at 0613E5EC
06056670,Passive16,slot 17 of the per-character dispatcher table at 0613E5EC
06059BC4,Passive17,slot 18 of the per-character dispatcher table at 0613E5EC
0605D498,Passive18,slot 19 of the per-character dispatcher table at 0613E5EC
0606129C,Passive19,slot 20 of the per-character dispatcher table at 0613E5EC
0604F556,,inside the slot-15 CPU AI block; earlier name was wrong
0604F598,,inside the slot-15 CPU AI block; earlier name was wrong
0604F5B6,,inside the slot-15 CPU AI block; earlier name was wrong
0607BC2E,,inside the slot-15 CPU AI block; earlier name was wrong
0607BCE4,,inside the slot-15 CPU AI block; earlier name was wrong
0604CBF0,,slot-15 AI routine (see arcade_only.csv)
0604CC24,,slot-15 AI routine (see arcade_only.csv)
0604CC4C,,slot-15 AI routine (see arcade_only.csv)
0604CC9E,,slot-15 AI routine (see arcade_only.csv)
0604CCF0,,slot-15 AI routine (see arcade_only.csv)
0604CD76,,slot-15 AI routine (see arcade_only.csv)
0604CDCA,,slot-15 AI routine (see arcade_only.csv)
0604CE1E,,slot-15 AI routine (see arcade_only.csv)
0604CE90,,slot-15 AI routine (see arcade_only.csv)
0604CED0,,slot-15 AI routine (see arcade_only.csv)
0604CF38,,slot-15 AI routine (see arcade_only.csv)
0604CFB6,,slot-15 AI routine (see arcade_only.csv)
0604D078,,slot-15 AI routine (see arcade_only.csv)
0604D0D2,,slot-15 AI routine (see arcade_only.csv)
0604D11E,,slot-15 AI routine (see arcade_only.csv)
0604D16A,,slot-15 AI routine (see arcade_only.csv)
0604D1E6,,slot-15 AI routine (see arcade_only.csv)
0604D2C8,,slot-15 AI routine (see arcade_only.csv)
0604D352,,slot-15 AI routine (see arcade_only.csv)
0604D3BA,,slot-15 AI routine (see arcade_only.csv)
0604D428,,slot-15 AI routine (see arcade_only.csv)
0604D47A,,slot-15 AI routine (see arcade_only.csv)
0604D4FE,,slot-15 AI routine (see arcade_only.csv)
0604D54A,,slot-15 AI routine (see arcade_only.csv)
0604D5DC,,slot-15 AI routine (see arcade_only.csv)
0604D666,,slot-15 AI routine (see arcade_only.csv)
0604D6D6,,slot-15 AI routine (see arcade_only.csv)
0604D76C,,slot-15 AI routine (see arcade_only.csv)
0604D7D4,,slot-15 AI routine (see arcade_only.csv)
0604D89E,,slot-15 AI routine (see arcade_only.csv)
0604D970,,slot-15 AI routine (see arcade_only.csv)
0604DA22,,slot-15 AI routine (see arcade_only.csv)
0604DAD0,,slot-15 AI routine (see arcade_only.csv)
0604DB38,,slot-15 AI routine (see arcade_only.csv)
0604DBE4,,slot-15 AI routine (see arcade_only.csv)
0604DCA4,,slot-15 AI routine (see arcade_only.csv)
0604DD74,,slot-15 AI routine (see arcade_only.csv)
0604DDBC,,slot-15 AI routine (see arcade_only.csv)
0604DE1E,,slot-15 AI routine (see arcade_only.csv)
0604DE66,,slot-15 AI routine (see arcade_only.csv)
0604DEC8,,slot-15 AI routine (see arcade_only.csv)
0604DF4E,,slot-15 AI routine (see arcade_only.csv)
0604DFB6,,slot-15 AI routine (see arcade_only.csv)
0604DFF8,,slot-15 AI routine (see arcade_only.csv)
0604E05E,,slot-15 AI routine (see arcade_only.csv)
0604E0A0,,slot-15 AI routine (see arcade_only.csv)
0604E140,,slot-15 AI routine (see arcade_only.csv)
0604E1D2,,slot-15 AI routine (see arcade_only.csv)
0604E28A,,slot-15 AI routine (see arcade_only.csv)
0604E2CC,,slot-15 AI routine (see arcade_only.csv)
0604E310,,slot-15 AI routine (see arcade_only.csv)
0604E38A,,slot-15 AI routine (see arcade_only.csv)
0604E3E6,,slot-15 AI routine (see arcade_only.csv)
0604E412,,slot-15 AI routine (see arcade_only.csv)
0604E430,,slot-15 AI routine (see arcade_only.csv)
0604E450,,slot-15 AI routine (see arcade_only.csv)
0604E498,,slot-15 AI routine (see arcade_only.csv)
0604E4C4,,slot-15 AI routine (see arcade_only.csv)
0604E4F2,,slot-15 AI routine (see arcade_only.csv)
0604E51E,,slot-15 AI routine (see arcade_only.csv)
0604E54C,,slot-15 AI routine (see arcade_only.csv)
0604E594,,slot-15 AI routine (see arcade_only.csv)
0604E5C0,,slot-15 AI routine (see arcade_only.csv)
0604E60E,,slot-15 AI routine (see arcade_only.csv)
0604E646,,slot-15 AI routine (see arcade_only.csv)
0604E694,,slot-15 AI routine (see arcade_only.csv)
0604E6C0,,slot-15 AI routine (see arcade_only.csv)
0604E70E,,slot-15 AI routine (see arcade_only.csv)
0604E73A,,slot-15 AI routine (see arcade_only.csv)
0604E7D2,,slot-15 AI routine (see arcade_only.csv)
0604E828,,slot-15 AI routine (see arcade_only.csv)
0604E8A8,,slot-15 AI routine (see arcade_only.csv)
0604E8E0,,slot-15 AI routine (see arcade_only.csv)
0604E91A,,slot-15 AI routine (see arcade_only.csv)
0604E994,,slot-15 AI routine (see arcade_only.csv)
0604E9EA,,slot-15 AI routine (see arcade_only.csv)
0604EA40,,slot-15 AI routine (see arcade_only.csv)
0604EA96,,slot-15 AI routine (see arcade_only.csv)
0604EB26,,slot-15 AI routine (see arcade_only.csv)
0604EB5E,,slot-15 AI routine (see arcade_only.csv)
0604EB90,,slot-15 AI routine (see arcade_only.csv)
0604EBFC,,slot-15 AI routine (see arcade_only.csv)
0604EC84,,slot-15 AI routine (see arcade_only.csv)
0604ED34,,slot-15 AI routine (see arcade_only.csv)
0604EDBC,,slot-15 AI routine (see arcade_only.csv)
0604EE6A,,slot-15 AI routine (see arcade_only.csv)
0604EECC,,slot-15 AI routine (see arcade_only.csv)
0604EF24,,slot-15 AI routine (see arcade_only.csv)
0604EF64,,slot-15 AI routine (see arcade_only.csv)
0604EFA4,,slot-15 AI routine (see arcade_only.csv)
0604EFE4,,slot-15 AI routine (see arcade_only.csv)
0604F03C,,slot-15 AI routine (see arcade_only.csv)
0604F092,,slot-15 AI routine (see arcade_only.csv)
0604F0E8,,slot-15 AI routine (see arcade_only.csv)
0604F156,,slot-15 AI routine (see arcade_only.csv)
0604F1B2,,slot-15 AI routine (see arcade_only.csv)
0604F23C,,slot-15 AI routine (see arcade_only.csv)
0604F2A8,,slot-15 AI routine (see arcade_only.csv)
0604F2F0,,slot-15 AI routine (see arcade_only.csv)
0604F344,,slot-15 AI routine (see arcade_only.csv)
0604F370,,slot-15 AI routine (see arcade_only.csv)
0604F39C,,slot-15 AI routine (see arcade_only.csv)
0604F3E2,,slot-15 AI routine (see arcade_only.csv)
0604F442,,slot-15 AI routine (see arcade_only.csv)
0604F48C,,slot-15 AI routine (see arcade_only.csv)
0604F514,,slot-15 AI routine (see arcade_only.csv)
0604F5E2,,slot-15 AI routine (see arcade_only.csv)
0604F60E,,slot-15 AI routine (see arcade_only.csv)
0604F652,,slot-15 AI routine (see arcade_only.csv)
0604F67E,,slot-15 AI routine (see arcade_only.csv)
0604F6CC,,slot-15 AI routine (see arcade_only.csv)
0604F716,,slot-15 AI routine (see arcade_only.csv)
0604F780,,slot-15 AI routine (see arcade_only.csv)
0604F7CA,,slot-15 AI routine (see arcade_only.csv)
0604F814,,slot-15 AI routine (see arcade_only.csv)
0604F870,,slot-15 AI routine (see arcade_only.csv)
0604F8BA,,slot-15 AI routine (see arcade_only.csv)
0604F904,,slot-15 AI routine (see arcade_only.csv)
0604F94E,,slot-15 AI routine (see arcade_only.csv)
0604F9AA,,slot-15 AI routine (see arcade_only.csv)
0604F9E4,,slot-15 AI routine (see arcade_only.csv)
0604FA1E,,slot-15 AI routine (see arcade_only.csv)
0604FA58,,slot-15 AI routine (see arcade_only.csv)
0604FAAC,,slot-15 AI routine (see arcade_only.csv)
0604FB00,,slot-15 AI routine (see arcade_only.csv)
0604FB48,,slot-15 AI routine (see arcade_only.csv)
0604FB90,,slot-15 AI routine (see arcade_only.csv)
0604FBDC,,slot-15 AI routine (see arcade_only.csv)
0604FC0A,,slot-15 AI routine (see arcade_only.csv)
0604FC42,,slot-15 AI routine (see arcade_only.csv)
0604FC74,,slot-15 AI routine (see arcade_only.csv)
0604FCA6,,slot-15 AI routine (see arcade_only.csv)
0604FCF8,,slot-15 AI routine (see arcade_only.csv)
0604FD2A,,slot-15 AI routine (see arcade_only.csv)
0604FD5C,,slot-15 AI routine (see arcade_only.csv)
0604FD8E,,slot-15 AI routine (see arcade_only.csv)
0604FDC8,,slot-15 AI routine (see arcade_only.csv)
0604FE20,,slot-15 AI routine (see arcade_only.csv)
0604FE68,,slot-15 AI routine (see arcade_only.csv)
0604FEB0,,slot-15 AI routine (see arcade_only.csv)
0604FEF8,,slot-15 AI routine (see arcade_only.csv)
0604FF62,,slot-15 AI routine (see arcade_only.csv)
0604FF94,,slot-15 AI routine (see arcade_only.csv)
0604FFE6,,slot-15 AI routine (see arcade_only.csv)
06050068,,slot-15 AI routine (see arcade_only.csv)
0605010A,,slot-15 AI routine (see arcade_only.csv)
06050160,,slot-15 AI routine (see arcade_only.csv)
0605019A,,slot-15 AI routine (see arcade_only.csv)
0605020C,,slot-15 AI routine (see arcade_only.csv)
06050294,,slot-15 AI routine (see arcade_only.csv)
0605035E,,slot-15 AI routine (see arcade_only.csv)
06050380,,slot-15 AI routine (see arcade_only.csv)
060503C4,,slot-15 AI routine (see arcade_only.csv)
06050474,,slot-15 AI routine (see arcade_only.csv)
0605053C,,slot-15 AI routine (see arcade_only.csv)
060505B2,,slot-15 AI routine (see arcade_only.csv)
06050686,,slot-15 AI routine (see arcade_only.csv)
060506EE,,slot-15 AI routine (see arcade_only.csv)
060507A2,,slot-15 AI routine (see arcade_only.csv)
0605080A,,slot-15 AI routine (see arcade_only.csv)
060508BE,,slot-15 AI routine (see arcade_only.csv)
060508F0,,slot-15 AI routine (see arcade_only.csv)
06050998,,slot-15 AI routine (see arcade_only.csv)
06050A04,,slot-15 AI routine (see arcade_only.csv)
06050A54,,slot-15 AI routine (see arcade_only.csv)
06050AF8,,slot-15 AI routine (see arcade_only.csv)
06050BCC,,slot-15 AI routine (see arcade_only.csv)
06050C60,,slot-15 AI routine (see arcade_only.csv)
06050D2C,,slot-15 AI routine (see arcade_only.csv)
06050DF0,,slot-15 AI routine (see arcade_only.csv)
06050E62,,slot-15 AI routine (see arcade_only.csv)
06050F1A,,slot-15 AI routine (see arcade_only.csv)
06050FA0,,slot-15 AI routine (see arcade_only.csv)
0605105C,,slot-15 AI routine (see arcade_only.csv)
060510E2,,slot-15 AI routine (see arcade_only.csv)
0605114A,,slot-15 AI routine (see arcade_only.csv)
060511BC,,slot-15 AI routine (see arcade_only.csv)
06051278,,slot-15 AI routine (see arcade_only.csv)
06051330,,slot-15 AI routine (see arcade_only.csv)
060513BE,,slot-15 AI routine (see arcade_only.csv)
06051476,,slot-15 AI routine (see arcade_only.csv)
06051504,,slot-15 AI routine (see arcade_only.csv)
0605159C,,slot-15 AI routine (see arcade_only.csv)
06051626,,slot-15 AI routine (see arcade_only.csv)
060516A8,,slot-15 AI routine (see arcade_only.csv)
06051710,,slot-15 AI routine (see arcade_only.csv)
060517C0,,slot-15 AI routine (see arcade_only.csv)
06051846,,slot-15 AI routine (see arcade_only.csv)
060518C0,,slot-15 AI routine (see arcade_only.csv)
0605194E,,slot-15 AI routine (see arcade_only.csv)
06051A14,,slot-15 AI routine (see arcade_only.csv)
06051A5E,,slot-15 AI routine (see arcade_only.csv)
06051A9A,,slot-15 AI routine (see arcade_only.csv)
06051B10,,slot-15 AI routine (see arcade_only.csv)
06051B4C,,slot-15 AI routine (see arcade_only.csv)
06051C44,,slot-15 AI routine (see arcade_only.csv)
06051C64,,slot-15 AI routine (see arcade_only.csv)
06051CC8,,slot-15 AI routine (see arcade_only.csv)
06051D60,,slot-15 AI routine (see arcade_only.csv)
06051DCA,,slot-15 AI routine (see arcade_only.csv)
06051E50,,slot-15 AI routine (see arcade_only.csv)
06051EBA,,slot-15 AI routine (see arcade_only.csv)
06051F0A,,slot-15 AI routine (see arcade_only.csv)
06051F78,,slot-15 AI routine (see arcade_only.csv)
06051FC8,,slot-15 AI routine (see arcade_only.csv)
06052018,,slot-15 AI routine (see arcade_only.csv)
060520B2,,slot-15 AI routine (see arcade_only.csv)
06052128,,slot-15 AI routine (see arcade_only.csv)
060521C0,,slot-15 AI routine (see arcade_only.csv)
06052236,,slot-15 AI routine (see arcade_only.csv)
06052286,,slot-15 AI routine (see arcade_only.csv)
06052306,,slot-15 AI routine (see arcade_only.csv)
0605235A,,slot-15 AI routine (see arcade_only.csv)
060523AE,,slot-15 AI routine (see arcade_only.csv)
06052402,,slot-15 AI routine (see arcade_only.csv)
060524A4,,slot-15 AI routine (see arcade_only.csv)
06052528,,slot-15 AI routine (see arcade_only.csv)
060525CC,,slot-15 AI routine (see arcade_only.csv)
06052650,,slot-15 AI routine (see arcade_only.csv)
060526F8,,slot-15 AI routine (see arcade_only.csv)
060527A8,,slot-15 AI routine (see arcade_only.csv)
06052830,,slot-15 AI routine (see arcade_only.csv)
060528E0,,slot-15 AI routine (see arcade_only.csv)
06052958,,slot-15 AI routine (see arcade_only.csv)
060529D0,,slot-15 AI routine (see arcade_only.csv)
06052A48,,slot-15 AI routine (see arcade_only.csv)
06052ADC,,slot-15 AI routine (see arcade_only.csv)
06052B54,,slot-15 AI routine (see arcade_only.csv)
06052BFE,,slot-15 AI routine (see arcade_only.csv)
06052CDE,,slot-15 AI routine (see arcade_only.csv)
06052D08,,slot-15 AI routine (see arcade_only.csv)
06052D32,,slot-15 AI routine (see arcade_only.csv)
06052DCC,,slot-15 AI routine (see arcade_only.csv)
06052E2E,,slot-15 AI routine (see arcade_only.csv)
06052EF8,,slot-15 AI routine (see arcade_only.csv)
06052F44,,slot-15 AI routine (see arcade_only.csv)
06052F8E,,slot-15 AI routine (see arcade_only.csv)
06052FD8,,slot-15 AI routine (see arcade_only.csv)
06053022,,slot-15 AI routine (see arcade_only.csv)
060530D8,,slot-15 AI routine (see arcade_only.csv)
06053152,,slot-15 AI routine (see arcade_only.csv)
0605318C,,slot-15 AI routine (see arcade_only.csv)
0605323C,,slot-15 AI routine (see arcade_only.csv)
060532C2,,slot-15 AI routine (see arcade_only.csv)
0605336A,,slot-15 AI routine (see arcade_only.csv)
060533F0,,slot-15 AI routine (see arcade_only.csv)
06079CBC,,slot-15 AI routine (see arcade_only.csv)
06079CE4,,slot-15 AI routine (see arcade_only.csv)
06079D02,,slot-15 AI routine (see arcade_only.csv)
06079D22,,slot-15 AI routine (see arcade_only.csv)
06079D42,,slot-15 AI routine (see arcade_only.csv)
06079D62,,slot-15 AI routine (see arcade_only.csv)
06079DA4,,slot-15 AI routine (see arcade_only.csv)
06079DC4,,slot-15 AI routine (see arcade_only.csv)
06079DE4,,slot-15 AI routine (see arcade_only.csv)
06079E04,,slot-15 AI routine (see arcade_only.csv)
06079E24,,slot-15 AI routine (see arcade_only.csv)
06079E44,,slot-15 AI routine (see arcade_only.csv)
06079E64,,slot-15 AI routine (see arcade_only.csv)
06079E98,,slot-15 AI routine (see arcade_only.csv)
06079EB8,,slot-15 AI routine (see arcade_only.csv)
06079EEA,,slot-15 AI routine (see arcade_only.csv)
06079F1C,,slot-15 AI routine (see arcade_only.csv)
06079F4E,,slot-15 AI routine (see arcade_only.csv)
06079FAC,,slot-15 AI routine (see arcade_only.csv)
06079FDE,,slot-15 AI routine (see arcade_only.csv)
0607A010,,slot-15 AI routine (see arcade_only.csv)
0607A042,,slot-15 AI routine (see arcade_only.csv)
0607A074,,slot-15 AI routine (see arcade_only.csv)
0607A0BC,,slot-15 AI routine (see arcade_only.csv)
0607A104,,slot-15 AI routine (see arcade_only.csv)
0607A124,,slot-15 AI routine (see arcade_only.csv)
0607A156,,slot-15 AI routine (see arcade_only.csv)
0607A218,,slot-15 AI routine (see arcade_only.csv)
0607A270,,slot-15 AI routine (see arcade_only.csv)
0607A2DC,,slot-15 AI routine (see arcade_only.csv)
0607A380,,slot-15 AI routine (see arcade_only.csv)
0607A418,,slot-15 AI routine (see arcade_only.csv)
0607A4BC,,slot-15 AI routine (see arcade_only.csv)
0607A584,,slot-15 AI routine (see arcade_only.csv)
0607A62C,,slot-15 AI routine (see arcade_only.csv)
0607A6CE,,slot-15 AI routine (see arcade_only.csv)
0607A744,,slot-15 AI routine (see arcade_only.csv)
0607A806,,slot-15 AI routine (see arcade_only.csv)
0607A8D8,,slot-15 AI routine (see arcade_only.csv)
0607A91A,,slot-15 AI routine (see arcade_only.csv)
0607A95C,,slot-15 AI routine (see arcade_only.csv)
0607A99E,,slot-15 AI routine (see arcade_only.csv)
0607A9F6,,slot-15 AI routine (see arcade_only.csv)
0607AA7A,,slot-15 AI routine (see arcade_only.csv)
0607AACA,,slot-15 AI routine (see arcade_only.csv)
0607AB04,,slot-15 AI routine (see arcade_only.csv)
0607AB60,,slot-15 AI routine (see arcade_only.csv)
0607AB9A,,slot-15 AI routine (see arcade_only.csv)
0607ABCC,,slot-15 AI routine (see arcade_only.csv)
0607ABFE,,slot-15 AI routine (see arcade_only.csv)
0607AC30,,slot-15 AI routine (see arcade_only.csv)
0607AC66,,slot-15 AI routine (see arcade_only.csv)
0607ACE0,,slot-15 AI routine (see arcade_only.csv)
0607AD9A,,slot-15 AI routine (see arcade_only.csv)
0607ADE0,,slot-15 AI routine (see arcade_only.csv)
0607AE26,,slot-15 AI routine (see arcade_only.csv)
0607AE90,,slot-15 AI routine (see arcade_only.csv)
0607AEEE,,slot-15 AI routine (see arcade_only.csv)
0607AF68,,slot-15 AI routine (see arcade_only.csv)
0607AFE8,,slot-15 AI routine (see arcade_only.csv)
0607B0B4,,slot-15 AI routine (see arcade_only.csv)
0607B17C,,slot-15 AI routine (see arcade_only.csv)
0607B218,,slot-15 AI routine (see arcade_only.csv)
0607B2D6,,slot-15 AI routine (see arcade_only.csv)
0607B3CC,,slot-15 AI routine (see arcade_only.csv)
0607B4D2,,slot-15 AI routine (see arcade_only.csv)
0607B574,,slot-15 AI routine (see arcade_only.csv)
0607B628,,slot-15 AI routine (see arcade_only.csv)
0607B69E,,slot-15 AI routine (see arcade_only.csv)
0607B6FC,,slot-15 AI routine (see arcade_only.csv)
0607B746,,slot-15 AI routine (see arcade_only.csv)
0607B790,,slot-15 AI routine (see arcade_only.csv)
0607B7DA,,slot-15 AI routine (see arcade_only.csv)
0607B838,,slot-15 AI routine (see arcade_only.csv)
0607B874,,slot-15 AI routine (see arcade_only.csv)
0607B8B0,,slot-15 AI routine (see arcade_only.csv)
0607B8D0,,slot-15 AI routine (see arcade_only.csv)
0607B948,,slot-15 AI routine (see arcade_only.csv)
0607B98C,,slot-15 AI routine (see arcade_only.csv)
0607B9FC,,slot-15 AI routine (see arcade_only.csv)
0607BA5E,,slot-15 AI routine (see arcade_only.csv)
0607BA8A,,slot-15 AI routine (see arcade_only.csv)
0607BAE8,,slot-15 AI routine (see arcade_only.csv)
0607BB14,,slot-15 AI routine (see arcade_only.csv)
0607BB9C,,slot-15 AI routine (see arcade_only.csv)
0607BC96,,slot-15 AI routine (see arcade_only.csv)
0607BD94,,slot-15 AI routine (see arcade_only.csv)
0607BDF2,,slot-15 AI routine (see arcade_only.csv)
0607BE78,,slot-15 AI routine (see arcade_only.csv)
0607BEFA,,slot-15 AI routine (see arcade_only.csv)
0607BFBE,,slot-15 AI routine (see arcade_only.csv)
0607C028,,slot-15 AI routine (see arcade_only.csv)
0607C0C0,,slot-15 AI routine (see arcade_only.csv)
0607C12A,,slot-15 AI routine (see arcade_only.csv)
0607C1B0,,slot-15 AI routine (see arcade_only.csv)
0607C200,,slot-15 AI routine (see arcade_only.csv)
0607C250,,slot-15 AI routine (see arcade_only.csv)
0607C2A0,,slot-15 AI routine (see arcade_only.csv)
0607C2F0,,slot-15 AI routine (see arcade_only.csv)
0607C376,,slot-15 AI routine (see arcade_only.csv)
0607C3EC,,slot-15 AI routine (see arcade_only.csv)
0607C484,,slot-15 AI routine (see arcade_only.csv)
0607C4FA,,slot-15 AI routine (see arcade_only.csv)
0607C534,,slot-15 AI routine (see arcade_only.csv)
0607C58E,,slot-15 AI routine (see arcade_only.csv)
0607C5C8,,slot-15 AI routine (see arcade_only.csv)
0607C602,,slot-15 AI routine (see arcade_only.csv)
0607C6A6,,slot-15 AI routine (see arcade_only.csv)
0607C72A,,slot-15 AI routine (see arcade_only.csv)
0607C7CC,,slot-15 AI routine (see arcade_only.csv)
0607C850,,slot-15 AI routine (see arcade_only.csv)
0607C882,,slot-15 AI routine (see arcade_only.csv)
0607C918,,slot-15 AI routine (see arcade_only.csv)
0607C9C4,,slot-15 AI routine (see arcade_only.csv)
0607CA4E,,slot-15 AI routine (see arcade_only.csv)
0607CAF8,,slot-15 AI routine (see arcade_only.csv)
0607CB80,,slot-15 AI routine (see arcade_only.csv)
0607CC1A,,slot-15 AI routine (see arcade_only.csv)
0607CC92,,slot-15 AI routine (see arcade_only.csv)
0607CCE4,,slot-15 AI routine (see arcade_only.csv)
0607CD2C,,slot-15 AI routine (see arcade_only.csv)
0607CD74,,slot-15 AI routine (see arcade_only.csv)
0607CDBC,,slot-15 AI routine (see arcade_only.csv)
0607CE04,,slot-15 AI routine (see arcade_only.csv)
0607CE3E,,slot-15 AI routine (see arcade_only.csv)
0607CE78,,slot-15 AI routine (see arcade_only.csv)
0607CEB2,,slot-15 AI routine (see arcade_only.csv)
0607CF18,,slot-15 AI routine (see arcade_only.csv)
0607CF6C,,slot-15 AI routine (see arcade_only.csv)
0607CFA6,,slot-15 AI routine (see arcade_only.csv)
0607CFF8,,slot-15 AI routine (see arcade_only.csv)
0607D024,,slot-15 AI routine (see arcade_only.csv)
0607D050,,slot-15 AI routine (see arcade_only.csv)
0607D07C,,slot-15 AI routine (see arcade_only.csv)
0607D0A8,,slot-15 AI routine (see arcade_only.csv)
0607D108,,slot-15 AI routine (see arcade_only.csv)
0607D190,,slot-15 AI routine (see arcade_only.csv)
0607D23A,,slot-15 AI routine (see arcade_only.csv)
0607D2D0,,slot-15 AI routine (see arcade_only.csv)
0607D340,,slot-15 AI routine (see arcade_only.csv)
0607D37C,,slot-15 AI routine (see arcade_only.csv)
0607D422,,slot-15 AI routine (see arcade_only.csv)
0607D48E,,slot-15 AI routine (see arcade_only.csv)
0607D4E8,,slot-15 AI routine (see arcade_only.csv)
0607D560,,slot-15 AI routine (see arcade_only.csv)
0607D5F8,,slot-15 AI routine (see arcade_only.csv)
0607D670,,slot-15 AI routine (see arcade_only.csv)
0609533A,Game,read by hand: copies an 18-entry table (PS2 has 13) and calls entry G_No[1]
06095388,Game00,position in the arcade Game state table at 0x06194174 (copied to the stack by Game) and matching callees
060954A2,Game01,position in the arcade Game state table at 0x06194174 (copied to the stack by Game) and matching callees
06095A16,Game02,position in the arcade Game state table at 0x06194174 (copied to the stack by Game) and matching callees
06095DDE,Game03,position in the arcade Game state table at 0x06194174 (copied to the stack by Game) and matching callees
06095F5A,Game04,position in the arcade Game state table at 0x06194174 (copied to the stack by Game) and matching callees
06095750,Game05,position in the arcade Game state table at 0x06194174 (copied to the stack by Game) and matching callees
06096748,Game06,position in the arcade Game state table at 0x06194174 (copied to the stack by Game) and matching callees
06096CB4,Game07,position in the arcade Game state table at 0x06194174 (copied to the stack by Game) and matching callees
060964BE,Game08,position in the arcade Game state table at 0x06194174 (copied to the stack by Game) and matching callees
0609600A,Game09,position in the arcade Game state table at 0x06194174 (copied to the stack by Game) and matching callees
06096408,Game10,position in the arcade Game state table at 0x06194174 (copied to the stack by Game) and matching callees
06095830,Game11,position in the arcade Game state table at 0x06194174 (copied to the stack by Game) and matching callees
06095AA0,Game2_0,position in the arcade Game02 table at 0x061941D0 and matching callees
06095B24,Game2_1,"read by hand: Game_timer++, Time_Control, Player_control ... hit_check_main_process; no cockpit calls as in PS2"
06095B8E,Game2_3,read by hand: Game2_1 then timer countdown
06095674,Game01_Sub,"read by hand: clears Score/PL_Wins, set_kizetsu_status(0/1), set_super_arts_status(0/1), Demo_Flag branch"
061185CE,set_kizetsu_status,"called as (0),(1) from Game01_Sub; fills a 20-byte per-player record from My_char tables; was misnamed clear_chainex_check"
06118680,set_super_arts_status,"called as (0),(1) from Game01_Sub after set_kizetsu_status; was misnamed remake_sa_gauge_len"
06096CE8,Time_Control,called from the arcade Game states at the place PS2 calls it; not read in full
0609520C,Before_Select_Sub,"two rounds of Clear_Disp_Ranking, Clear_Personal_Data, grade_check_work_1st_init x2, as PS2"
06096B98,Disp_Ranking,called from the arcade Game states at the place PS2 calls it; not read in full
06096A42,Check_Disp_Ranking,"calls Disp_Rank_Sub twice, as PS2"
06096AB4,Disp_Rank_Sub,called from the arcade Game states at the place PS2 calls it; not read in full
0609638C,Bonus_Sub,"Cut_Cut_Cut ... hit_check_main_process, called from Game09"
060D7BAE,count_cont_main,called from the arcade Game states at the place PS2 calls it; not read in full
060DB4D0,move_effect_work,called from the arcade Game states at the place PS2 calls it; not read in full
0609CE50,Winner_Scene,called from the arcade Game states at the place PS2 calls it; not read in full
0609D27C,Loser_Scene,called from the arcade Game states at the place PS2 calls it; not read in full
0609DD78,Continue_Scene,called from the arcade Game states at the place PS2 calls it; not read in full
060A0D18,Next_CPU,called from the arcade Game states at the place PS2 calls it; not read in full
060A14F4,After_Bonus,called from the arcade Game states at the place PS2 calls it; not read in full
060A2308,Next_Q,called from the arcade Game states at the place PS2 calls it; not read in full
060914D4,Setup_Play_Type,called from the arcade Game states at the place PS2 calls it; not read in full
0608F3EC,init_slow_flag,called from the arcade Game states at the place PS2 calls it; not read in full
0609E868,Select_Player,called from the arcade Game states at the place PS2 calls it; not read in full
0609E11C,Clear_Personal_Data,called from the arcade Game states at the place PS2 calls it; not read in full
060927CE,Clear_Disp_Ranking,called from the arcade Game states at the place PS2 calls it; not read in full
0611675C,Player_control,called from the arcade Game states at the place PS2 calls it; not read in full
060A2028,Select_CPU_4th,entry 3 of the 4-entry table before Next_Q's table (after Select_CPU_1st..3rd)
060A23BC,Next_Q_1st,entry 0 of Next_Q's arcade table at 0x06195558 (4 entries; PS2 has 6)
060A2416,Next_Q_2nd,entry 1 of Next_Q's arcade table
060A254C,Next_Q_3rd,entry 2 of Next_Q's arcade table
060A2606,,entry 3 of Next_Q's arcade table; PS2 counterpart not settled
060953C4,,arcade Game state 12; not PS2 Game12
0609544C,,arcade Game state 13
06095460,,arcade Game states 14 and 16
06095478,,arcade Game states 15 and 17
