symbol,arcade_addr,votes
Appear_Q,02016D89,2
Bonus_Game_Flag,02016B3A,9
Bonus_Game_result,02016B3E,4
Bonus_Stage_Level,02016B6E,2
Bonus_Type,02016B89,2
Break_Into,02011386,5
Break_Into_CPU,02016B00,3
CC_Value,0201584D,4.1
C_Timer,020154A4,6
Combo_Demo_Flag,02016B73,3.2
Counter_hi,02011376,2
Country,0201556F,4.7
D_Timer,0201543E,2
Demo_Flag,020154AF,3
Disp_Score_Buff,0206AC62,2
EM_Rank,02016B33,2.2
EXE_obroll,02016B80,9
Event_Judge_Gals,02015636,2
Exec_Wipe,020155FC,3.1
Exit_No,0201555E,2
Face_No,020154F8,3
Free_Ptr,02016D08,2
Game_timer,0201136C,3
ID,0201554C,2
ID2,02016B20,1.7
LOSER,020113BD,3
Lv,0200DCF4,2
Max_vitality,02016B30,4.1
Mode_Type,0201137F,3
Offset_BG_X,02016D42,3
PASSIVE_X,0200DCF8,6
Passive_Mode,0201562C,5
Play_Type,020113B5,27.7
Player_id,02015500,8
Rnd,0200DCF5,2
Scene_Cut,02016D30,2
Select_Timer,020154FB,3
Suicide,02016D00,3
Timer_Freeze,02015732,3.0
WGJ_Score,02016D18,2
WGJ_Target,02016D50,3
Weak_PL,02016AD6,10.6
Winner_id,0201137F,14
aiuchi_flag,0201581E,2
appear_type,02068C64,2
bg_app,0202805B,3
bg_mvxy,02028010,18
bg_stop,02028028,2
bgw_ptr,02026FF4,56
bs2_floor,02016B90,5.2
bs2_hosei,02016B96,3.0
bs_scrrrl,02016B54,3
ca_check_flag,0200EE44,2.0
cmd_id,02026B24,7
cmd_tbl_ptr,02026308,2
dead_voice_flag,02068C6B,2
dmdat_adrs,0200EE48,3
end_etc_flag,0202824E,8.0
end_no_cut,02028251,12.2
end_w,02028240,58
frwctr,02068A94,2
gSeqStatus,02079C5C,9.0
hpq_in,0200EEC8,5
ixbfw_cut,02025638,3.0
op_obj_disp,020281E2,4.1
op_scrn_end,020281E6,1.5
op_w,020281C4,15
pcon_dp_flag,02068C67,6
pcon_rno,02068C5C,11
round_slow_flag,02068C66,2
test_flag,02000094,3
