arcade_addr,name,functions,agreement
02000094,test_flag,8,0.62
02004FB4,chk_move_jp,2,1.0
020062E4,player_cmd,14,1.0
0200649C,ta_move_tbl,3,1.0
02006A80,char_add,2,1.0
0200DCB4,scr_sc,3,1.0
0200DCBC,pos_y,2,1.0
0200DCD0,zoom_add,3,1.0
0200DCF4,Lv,13,1.0
0200DCF5,Rnd,10,1.0
0200DCF8,PASSIVE_X,14,0.93
0200EBC4,q_hit_push,9,1.0
0200EE88,mkm_wk,2,1.0
0200EEC8,hpq_in,4,1.0
02010C4C,judge_item,26,0.93
0201136C,Game_timer,4,1.0
02011376,Counter_hi,2,0.67
0201137C,Round_Result,2,1.0
0201137E,request_message,3,0.75
0201137F,Winner_id,19,0.83
02011382,PL_Wins,7,0.78
02011386,Break_Into,9,1.0
02011387,My_char,21,0.72
0201138B,Super_Arts,2,0.67
0201138E,Forbid_Break,9,0.75
0201139C,Score,7,0.88
020113B4,Play_Type,35,0.65
020113BD,LOSER,4,0.8
020113DB,Champion,2,1.0
020113DE,Perfect_Flag,3,0.6
02011424,Next_Step,8,0.89
0201542A,Cover_Timer,2,0.67
0201543E,D_Timer,8,1.0
02015442,D_No,9,0.9
02015448,Present_Rank,3,1.0
0201545A,Demo_Type,2,1.0
0201545C,Flash_Sign,3,0.75
02015460,Ranking_X,2,0.67
02015461,Flash_Rank_Interval,2,1.0
02015462,Flash_Rank_Time,2,1.0
02015464,Rank,2,1.0
02015466,Rank_Pos_X,2,1.0
020154AE,Complete_Victory,3,1.0
020154AF,Demo_Flag,26,0.9
020154B8,S_No,2,0.67
020154C2,Sel_PL_Complete,6,0.86
020154CA,Select_Start,6,0.86
020154CE,Cursor_Y,8,1.0
020154E6,Stop_Cursor,6,1.0
020154F8,Face_MV_Request,2,1.0
020154F9,Face_Move,6,1.0
020154FA,Appear_Cursor,5,1.0
020154FB,Select_Timer,3,1.0
020154FC,Time_Stop,5,0.83
020154FD,Time_Over,4,0.8
02015500,Player_id,11,0.85
0201554C,ID,5,1.0
0201554E,Face_No,3,1.0
0201555E,Exit_No,8,0.89
02015564,Select_Arts,2,1.0
0201556C,Select_Status,7,1.0
02015572,CP_No,42,0.88
02015582,CP_Index,5042,1.0
020155A6,Timer_00,43,0.96
020155AA,Timer_01,10,0.91
020155AE,Combo_Speed,22,1.0
020155B2,PL_Distance,23,0.96
020155B6,Area_Number,16,1.0
020155BA,Lever_Buff,76,0.99
020155BE,Lever_Pool,20,1.0
020155C4,Tech_Address,19,1.0
020155CC,Tech_Index,16,1.0
020155EC,M_Timer,3,0.6
020155EE,M_No,5,0.62
020155F8,VS_Tech,20,0.83
020155FE,Guard_Type,6,0.86
02015602,Separate_Area,2,1.0
02015610,Shell_Address,3,0.75
02015618,Free_Lever,5,1.0
0201561C,Passive_Flag,15,0.94
0201561E,Flip_Flag,20,1.0
02015624,Lie_Flag,5,1.0
02015626,Term_No,9,1.0
0201562A,Attack_Flag,19,0.9
0201562C,Passive_Mode,5,1.0
0201562D,Limited_Flag,19,1.0
0201562F,Shell_Ignore_Timer,3,1.0
02015632,Com_Width_Data,4,0.8
02015636,Event_Judge_Gals,4,1.0
0201563B,Guard_Flag,3,1.0
0201563E,Lever_Squat,5,1.0
02015642,M_Lv,19,0.95
02015646,Pierce_Menu,3,1.0
02015648,Counter_Attack,15,0.94
0201564C,Face_MV_Time,2,1.0
0201564D,Before_Jump,4,1.0
02015661,Stock_Hit_Flag,19,1.0
02015663,Rolling_Flag,2,1.0
020156B4,Music_Fade,2,1.0
02015730,Continue_Menu,14,1.0
02015732,Timer_Freeze,2,1.0
02015733,Rapid_No,5,1.0
0201573C,Rapid_Index,4,1.0
02015740,Standing_Timer,5,1.0
02015742,Before_Look,3,1.0
02015744,Shell_Separate_Area,2,1.0
02015750,Attack_Counter,10,1.0
02015754,Last_Attack_Counter,6,1.0
02015758,Attack_Count_No0,2,1.0
0201575C,Standing_Master_Timer,2,1.0
02015761,Bonus_Stage_RNO,2,1.0
02015766,Squat_Master_Timer,2,1.0
02015768,Turn_Over,3,1.0
0201576E,Resume_Lever,4,1.0
020157C0,Jump_Pass_Timer,3,1.0
020157CA,Receive_Flag,3,1.0
020157CC,Disposal_Again,18,1.0
02015806,Lever_Store,5,1.0
02015823,paring_ctr_vs,4,1.0
02015829,Type_of_Attack,2,1.0
0201582C,Lever_LR,44,0.98
02015834,DENJIN_No,2,1.0
02015838,DENJIN_Term,2,1.0
02015846,Attack_Count_Index,2,1.0
02015848,Guard_Counter,4,1.0
0201584D,CC_Value,8,1.0
02016AD6,Weak_PL,18,1.0
02016B00,Break_Into_CPU,23,1.0
02016B01,ID_of_Face,7,1.0
02016B1A,Auto_No,2,1.0
02016B22,Exit_Timer,4,1.0
02016B30,Max_vitality,3,1.0
02016B3A,Bonus_Game_Flag,22,0.85
02016B3E,Bonus_Game_result,8,1.0
02016B40,Bonus_Game_ex_result,4,1.0
02016B4F,Completion_Bonus,2,1.0
02016B50,Stock_Bonus_Game_Result,5,1.0
02016B54,bs_scrrrl,3,1.0
02016B5C,Bonus_Score,4,1.0
02016B60,Final_Bonus_Score,3,1.0
02016B64,No_Death,2,1.0
02016B6E,Bonus_Stage_Level,3,1.0
02016B80,EXE_obroll,9,1.0
02016B84,PB_Status,3,1.0
02016B85,Flip_Counter,6,0.86
02016B89,Bonus_Type,2,1.0
02016B8E,ichikannkei,2,1.0
02016B94,bs2_floor,5,0.71
02016B96,bs2_hosei,2,1.0
02016BA6,SO_No,2,1.0
02016BA8,Order,39,0.81
02016BFD,Rank_Pos_Y,2,1.0
02016C0C,Order_Dir,11,0.65
02016C61,Rank_Type,2,1.0
02016C70,Order_Timer,43,0.88
02016CC5,Rank_X,2,1.0
02016CD4,Win_Record,2,0.67
02016D18,WGJ_Score,2,0.67
02016D30,Scene_Cut,10,0.71
02016D35,Aborigine,4,1.0
02016D48,Offset_BG_X,2,0.67
02016D50,WGJ_Target,6,1.0
02016D85,Introduce_Boss,2,1.0
02016D8C,Bonus_Score_Plus,2,1.0
02016DB2,kakushi_ix,2,1.0
02016DB3,kakushi_op,2,1.0
02016E4C,Ranking_Data,2,1.0
0201700C,Cont_No,4,1.0
02017014,Cont_Timer,3,1.0
02017018,CONTINUE_X,2,1.0
02025638,ixbfw_cut,2,1.0
020256C4,waza_work,5,1.0
02026306,sw_work,15,1.0
02026308,cmd_tbl_ptr,5,1.0
0202630C,waza_type,10,1.0
02026310,chk_pl,28,1.0
02026314,waza_ptr,29,1.0
02026318,wcp,25,0.86
02026B24,cmd_id,16,1.0
02026B28,cmd_pl,4,1.0
02026B30,eff_hit_flag,6,1.0
02026FF4,bgw_ptr,157,1.0
02027008,ideal_w,12,1.0
02028010,bg_mvxy,7,1.0
02028028,bg_stop,3,1.0
0202802A,bg_app_stop,35,1.0
0202802C,base_y_pos,13,1.0
0202805B,bg_app,4,0.8
02028194,Appear_end,36,1.0
02028196,appear_work,6,1.0
0202819A,Appear_flag,5,1.0
0202819C,Appear_free,7,1.0
0202819E,Appear_hv,2,1.0
020281A2,app_counter,8,1.0
020281C4,op_w,17,0.89
020281E0,op_end_flag,3,0.75
020281E2,op_obj_disp,10,1.0
020281E6,op_scrn_end,2,1.0
0202824E,end_etc_flag,7,0.88
02028250,end_fade_flag,14,1.0
02028251,end_no_cut,17,1.0
02028252,end_fade_timer,14,1.0
02028265,wr5_index,2,1.0
0202884C,calc_hit,2,1.0
02028990,frw,49,0.94
02068994,frwctr,2,1.0
02068A94,frwque,2,1.0
02068A96,head_ix,5,1.0
02068AA6,tail_ix,3,1.0
02068AB6,exec_tm,2,1.0
02068C5C,pcon_rno,8,0.8
02068C66,round_slow_flag,5,0.83
02068C67,pcon_dp_flag,14,0.78
02068C6A,win_sp_flag,4,0.8
0206A15A,s_prm,6,0.75
0206A1DC,Screen_Switch,2,1.0
0206A1E0,Screen_Switch_Buffer,2,1.0
0206AA92,p2sw_1,2,0.67
0206AC63,asagh_zuru,5,0.71
02079C5C,gSeqStatus,12,1.0
