via_arcade_ptr_offset,ps2_offset,arcade_offset,votes
,0x0,0x0,4
,0x1,0x1,79
,0x2,0x2,34
,0x3,0x3,3
,0x4,0x4,56
,0x6,0x6,46
,0x8,0x8,5387
,0xA,0xA,115
,0xB,0xB,71
,0xC,0xC,158
,0x14,0x14,5
,0x20,0x20,6
,0x24,0x24,55
,0x26,0x26,118
,0x28,0x28,106
,0x2A,0x2A,164
,0x2C,0x2C,3
,0x2E,0x2E,4
,0x30,0x30,4
,0x34,0x34,28
,0x36,0x36,16
,0x38,0x38,21
,0x3A,0x3A,7
,0x3C,0x3C,6
,0x3E,0x3E,4
,0x40,0x40,17
,0x42,0x42,2
,0x44,0x44,18
,0x46,0x46,7
,0x49,0x49,8
,0x4A,0x4A,8
,0x4C,0x4C,8
,0x4E,0x4E,10
,0x52,0x52,8
,0x54,0x54,10
,0x56,0x56,5
,0x58,0x58,12
,0x5A,0x5A,5
,0x5E,0x5E,27
,0x60,0x60,3
,0x62,0x62,2
,0x64,0x64,11
,0x66,0x64,66
,0x68,0x68,18
,0x6A,0x68,80
,0x70,0x70,3
,0x72,0x72,3
,0x7C,0x7C,39
,0x7E,0x7C,3
,0x80,0x80,40
,0x82,0x80,4
,0x84,0x84,30
,0x88,0x88,34
,0x8C,0x8C,7
,0x8E,0x8E,12
,0x90,0x90,35
,0x94,0x94,10
,0x96,0x96,21
,0x98,0x98,22
,0x9A,0x9A,24
,0x9E,0x9E,8
,0xA0,0xA0,6
,0xA2,0xA2,3
,0xA4,0xA4,2
,0xA6,0xA6,2
,0xA8,0xA8,3
,0xCC,0xCC,2
,0xCE,0xCE,2
,0xD0,0xD0,2
,0xE4,0xE4,2
,0xE6,0xE6,2
,0xE8,0xE8,2
,0x104,0x104,2
,0x106,0x106,2
,0x108,0x108,2
,0x144,0x144,2
,0x146,0x146,2
,0x148,0x148,2
,0x16A,0x16A,3
,0x16C,0x16C,2
,0x1E0,0x1E0,3
,0x204,0x204,3
,0x206,0x206,4
,0x208,0x208,41
,0x20C,0x20C,3
,0x20E,0x20E,18
,0x20F,0x20F,3
,0x213,0x213,3
,0x214,0x215,161
,0x215,0x214,3
,0x21C,0x21E,2
,0x221,0x221,4
,0x22A,0x22A,3
,0x230,0x230,2
,0x23C,0x268,2
,0x23E,0x26A,4
,0x240,0x26C,32
,0x242,0x26E,10
,0x24E,0x272,2
,0x250,0x278,2
,0x252,0x27A,2
,0x278,0x294,3
,0x27C,0x298,3
,0x27E,0x29A,2
,0x280,0x29C,2
,0x298,0x2B4,2
,0x29C,0x2B8,3
,0x2B4,0x2D0,2
,0x2C0,0x2DC,2
,0x2C4,0x2E0,3
,0x2E2,0x2FE,3
,0x2E3,0x2FF,2
,0x2F6,0x312,9
,0x30C,0x328,15
,0x310,0x32C,10
,0x312,0x32E,4
,0x32C,0x348,7
,0x330,0x34C,2
,0x332,0x34E,2
,0x342,0x35E,2
,0x346,0x362,3
,0x34A,0x366,3
,0x388,0x3B8,36
,0x38C,0x3BC,6
,0x38E,0x3BE,14
,0x390,0x3C0,3
,0x394,0x3C0,25
,0x398,0x3C4,7
,0x39D,0x3C9,5
,0x39E,0x3CA,2
,0x39F,0x3CB,2
,0x3A6,0x3D2,8
,0x3A8,0x3D4,3
,0x3AA,0x3D6,3
,0x3AC,0x3D8,4
,0x3B0,0x3DC,19
,0x3B2,0x3DE,23
,0x3B4,0x3E0,2
,0x3B8,0x3E4,3
,0x3B9,0x3E5,2
,0x3BA,0x3E6,6
,0x3C0,0x3EC,78
,0x3C4,0x3F0,5
,0x3C8,0x3F4,3
,0x3CC,0x3F8,3
,0x3CE,0x474,2
,0x3D1,0x3FD,2
,0x3D8,0x404,2
,0x3E8,0x414,2
,0x3F0,0x41C,3
,0x400,0x42C,3
,0x408,0x434,2
,0x409,0x435,2
,0x40C,0x438,2
,0x40E,0x43A,11
,0x410,0x43C,6
,0x412,0x43E,5
,0x414,0x440,4
,0x426,0x452,2
,0x430,0x45C,3
,0x436,0x462,6
,0x437,0x463,3
,0x43C,0x468,6
,0x43D,0x469,3
,0x440,0x46C,5
,0x445,0x471,5
02026FF4,0x24,0x24,4
020281EC,0x0,0x0,16
0x3EC,0x0,0x0,29
0x3EC,0x2,0x2,81
0x3EC,0x4,0x4,29
0x3F0,0xA,0xA,6
0x3F0,0xD,0xD,3
0x3F4,0x0,0x0,3
0x3F8,0x0,0x0,5
0x3F8,0xC,0xC,6
0x3F8,0x4,0x4,3
0x42C,0x0,0x0,3
0xC,0xA,0xA,2
0xC,0x64,0x64,4
0xC,0x66,0x64,4
0xC,0x68,0x68,4
0xC,0x6A,0x68,7
0xC,0x70,0x70,2
0xC,0x26,0x26,3
0xC,0x20E,0x20E,3
0xC,0x210,0x210,3
0xC,0x232,0x232,3
0xC,0x6,0x6,2
0xC,0x8,0x8,2
0xC,0x32C,0x348,5
0xC,0x54,0x54,3
0xC,0x394,0x3C0,7
0x14,0xA,0xA,6
0x3B8,0x0,0x0,5
0x3B8,0xA,0xA,9
0x3B8,0x66,0x64,4
0x3B8,0x6A,0x68,2
0x3B8,0xC,0xC,2
0x3B8,0x2,0x2,10
0x3B8,0x15,0x15,4
0x3B8,0x1A,0x1A,2
0x3B8,0x1C,0x1C,3
0x3B8,0x1E,0x1E,3
0x3B8,0x24,0x24,7
0x3B8,0x16A,0x16A,3
0x3B8,0x26,0x26,8
0x3B8,0x4,0x4,5
0x3B8,0x28,0x28,5
0x3B8,0x206,0x206,3
0x3B8,0x208,0x208,3
0x3B8,0x214,0x215,5
0x3B8,0x6,0x6,4
0x3B8,0x44,0x44,2
0x3B8,0x8,0x8,3
0x3B8,0x54,0x54,7
0x3B8,0x56,0x56,8
0x3B8,0x58,0x58,8
0x3B8,0x3C4,0x3F0,2
