arcade_addr,size,calls_made,callers,category,neighbouring_ps2_file,strings
06000400,186,1,0,between files, / GD3rd.c,
06000418,162,1,0,between files, / GD3rd.c,
06000430,138,1,0,between files, / GD3rd.c,
06000448,114,1,0,between files, / GD3rd.c,
06000460,90,1,0,between files, / GD3rd.c,
060004D0,72,1,0,hardware access, / GD3rd.c,
06000528,502,24,0,hardware access, / GD3rd.c,
0600071E,32,0,0,hardware access, / GD3rd.c,
0600073E,88,1,0,between files, / GD3rd.c,
06000796,40,0,0,between files, / GD3rd.c,
06000810,30,0,0,between files, / GD3rd.c,
0600083C,4,0,1,stub (8 bytes or less), / GD3rd.c,
06000840,268,4,1,between files, / GD3rd.c,
0600094C,140,0,2,between files, / GD3rd.c,
060009D8,74,0,1,between files, / GD3rd.c,
06000A22,112,0,4,between files, / GD3rd.c,
06000A92,30,1,3,between files, / GD3rd.c,
06000AD8,20,0,0,between files,GD3rd.c / bg.c,
06000AEC,44,0,0,between files,GD3rd.c / bg.c,
06000B28,188,0,1,between files,GD3rd.c / bg.c,
06000BE4,232,0,3,between files,GD3rd.c / bg.c,
06000CCC,12,1,1,between files,GD3rd.c / bg.c,
06000CDC,68,0,1,between files,GD3rd.c / bg.c,
06000D28,96,1,16,between files,GD3rd.c / bg.c,
06000D8C,90,1,1,between files,GD3rd.c / bg.c,
06000DF0,60,0,2,between files,GD3rd.c / bg.c,
06000E00,44,0,1,between files,GD3rd.c / bg.c,
06000E30,52,0,1,between files,GD3rd.c / bg.c,
06000E68,50,0,1,between files,GD3rd.c / bg.c,
06000EA0,318,15,0,hardware access,GD3rd.c / bg.c,
06001060,14,0,6,between files,GD3rd.c / bg.c,
06001080,386,23,0,between files,GD3rd.c / bg.c,
06001210,132,3,0,between files,GD3rd.c / bg.c,
060012C4,210,9,1,between files,GD3rd.c / bg.c,
06001396,880,9,1,between files,GD3rd.c / bg.c,
0600170C,14,2,0,between files,GD3rd.c / bg.c,
06002AFE,48,0,1,between files,GD3rd.c / bg.c,
06002B60,108,1,1,between files,GD3rd.c / bg.c,
06002BCC,122,1,1,between files,GD3rd.c / bg.c,
06002C46,140,4,1,between files,GD3rd.c / bg.c,
06002CD2,38,0,1,between files,GD3rd.c / bg.c,
06002DCA,180,6,1,between files,GD3rd.c / bg.c,CONTINUE_
06002E70,14,0,1,between files,GD3rd.c / bg.c,
06002E7E,190,3,1,between files,GD3rd.c / bg.c,CONTINUE_
06002F3C,332,7,1,between files,GD3rd.c / bg.c,
06003088,262,8,1,between files,GD3rd.c / bg.c,
0600318E,56,1,1,between files,GD3rd.c / bg.c,
06003214,72,1,1,between files,GD3rd.c / bg.c,
06003418,358,5,2,between files,GD3rd.c / bg.c,
06003786,482,4,2,between files,GD3rd.c / bg.c,INSERT COIN | INSERT   COINS | JOIN IN
06003968,324,3,4,between files,GD3rd.c / bg.c,FREE PLAY | CONTINUE_
06003AAC,322,3,2,between files,GD3rd.c / bg.c,PLEASE WAIT
06003BEE,362,6,2,between files,GD3rd.c / bg.c,INSERT   MORE COIN | INSERT   MORE COINS
06003D58,168,3,1,between files,GD3rd.c / bg.c,INSERT   MORE COIN | INSERT   MORE COINS
06003E40,30,0,1,between files,GD3rd.c / bg.c,
06003E5E,818,30,2,between files,GD3rd.c / bg.c,COINS: | CREDIT : | CREDITS:
06004190,654,15,2,between files,GD3rd.c / bg.c,INSERT 1 MORE COIN | INSERT   MORE COIN | INSERT   MORE COINS | INSERT 2 MORE COINS
06004450,92,0,1,between files,GD3rd.c / bg.c,
060044AC,276,3,7,between files,GD3rd.c / bg.c,
060045C0,74,1,2,between files,GD3rd.c / bg.c,
0600460A,242,3,3,between files,GD3rd.c / bg.c,
060046FC,160,2,0,between files,GD3rd.c / bg.c,
060047EC,154,4,0,between files,GD3rd.c / bg.c,
06004C48,52,0,1,between files,GD3rd.c / bg.c,
06004C7C,68,0,1,between files,GD3rd.c / bg.c,
06004D24,46,1,1,between files,GD3rd.c / bg.c,
06004D52,86,2,0,between files,GD3rd.c / bg.c,CONTINUE_
06004DE0,94,6,0,between files,GD3rd.c / bg.c,
06004E3E,24,2,0,between files,GD3rd.c / bg.c,
06004E56,16,2,0,between files,GD3rd.c / bg.c,
06004E9C,1154,36,0,hardware access,GD3rd.c / bg.c,
0600531E,56,0,1,between files,GD3rd.c / bg.c,
06005356,18,0,0,between files,GD3rd.c / bg.c,
06005368,32,0,1,between files,GD3rd.c / bg.c,
060053DC,194,4,1,between files,GD3rd.c / bg.c,
060054B8,76,6,0,between files,GD3rd.c / bg.c,
06005504,144,12,1,between files,GD3rd.c / bg.c,
060055F4,442,16,1,hardware access,GD3rd.c / bg.c,
060057DC,200,0,1,between files,GD3rd.c / bg.c,
06005A00,10,0,0,between files,GD3rd.c / bg.c,
06005A0A,148,12,1,between files,GD3rd.c / bg.c,
06005AFC,108,0,11,between files,GD3rd.c / bg.c,
06005B68,152,0,8,between files,GD3rd.c / bg.c,
06005C00,286,1,1,hardware access,GD3rd.c / bg.c,
06005DEC,44,1,0,inside the code of one PS2 file,bg.c,
06005E18,44,1,0,inside the code of one PS2 file,bg.c,
06005E9C,248,0,2,between files,bg.c / Com_Pl.c,
06005FB8,88,0,1,hardware access,bg.c / Com_Pl.c,
06007EE8,124,3,1,inside the code of one PS2 file,Com_Pl.c,
06008D56,54,0,0,inside the code of one PS2 file,Com_Sub.c,
06008D8C,54,0,0,inside the code of one PS2 file,Com_Sub.c,
0600A626,86,1,0,inside the code of one PS2 file,Com_Sub.c,
0600CB72,28,0,0,inside the code of one PS2 file,Com_Sub.c,
0600DE76,4,0,0,stub (8 bytes or less),Com_Sub.c,
0600FC54,22,0,1,inside the code of one PS2 file,Com_Sub.c,
0600FF78,602,3,0,inside the code of one PS2 file,Com_Sub.c,
0600FFA0,562,1,0,inside the code of one PS2 file,Com_Sub.c,
0600FFC0,2392,2,0,inside the code of one PS2 file,Com_Sub.c,
0600FFE0,2360,2,0,inside the code of one PS2 file,Com_Sub.c,
06010030,418,0,0,inside the code of one PS2 file,Com_Sub.c,
06010070,354,2,0,inside the code of one PS2 file,Com_Sub.c,
06011A52,14,0,0,inside the code of one PS2 file,Com_Sub.c,
06011AC6,108,1,1,inside the code of one PS2 file,Com_Sub.c,
06011B32,68,0,1,inside the code of one PS2 file,Com_Sub.c,
06012464,280,0,1,between files,Com_Sub.c / Ck_Pass.c,
06012FE4,80,0,0,inside the code of one PS2 file,Ck_Pass.c,
06013426,58,0,0,inside the code of one PS2 file,Ck_Pass.c,
06013562,124,1,0,inside the code of one PS2 file,Ck_Pass.c,
060137DC,72,2,0,inside the code of one PS2 file,Ck_Pass.c,
06013824,64,2,0,inside the code of one PS2 file,Ck_Pass.c,
06016D42,4,0,0,stub (8 bytes or less),Ck_Pass.c,
06016D46,4,0,0,stub (8 bytes or less),Ck_Pass.c,
06016D4A,4,0,0,stub (8 bytes or less),Ck_Pass.c,
06016D4E,4,0,0,stub (8 bytes or less),Ck_Pass.c,
06016D9C,4,0,0,stub (8 bytes or less),Ck_Pass.c,
06016DA0,4,0,0,stub (8 bytes or less),Ck_Pass.c,
06016DA4,4,0,0,stub (8 bytes or less),Ck_Pass.c,
06016DDE,4,0,0,stub (8 bytes or less),Ck_Pass.c,
06016DE2,4,0,0,stub (8 bytes or less),Ck_Pass.c,
06016DE6,4,0,0,stub (8 bytes or less),Ck_Pass.c,
06016DEA,4,0,0,stub (8 bytes or less),Ck_Pass.c,
06016E46,4,0,0,stub (8 bytes or less),Ck_Pass.c / pass00.c,
0601C65A,6,1,1,stub (8 bytes or less),PASS01.c,
06020036,16,0,1,inside the code of one PS2 file,PASS03.c,
06020304,42,0,0,inside the code of one PS2 file,PASS03.c,
060385C6,10,0,0,inside the code of one PS2 file,pass10.c,
06038826,10,0,0,inside the code of one PS2 file,pass10.c,
06038906,10,0,0,inside the code of one PS2 file,pass10.c,
06040000,6,0,1,stub (8 bytes or less),PASS12.c,
0604739A,6,0,0,stub (8 bytes or less),pass14.c,
0604972A,8,0,0,stub (8 bytes or less),pass14.c,
0604DD6E,6,0,0,stub (8 bytes or less),pass14.c / Game.c,
06050102,8,0,0,stub (8 bytes or less),Game.c / pass15.c,
06060000,6,0,1,stub (8 bytes or less),pass18.c,
06064574,6,0,1,stub (8 bytes or less),pass19.c,
06064A4A,6,1,1,stub (8 bytes or less),ACTIVE00.c,
06065354,6,0,1,stub (8 bytes or less),ACTIVE00.c,
0607726E,8,0,0,stub (8 bytes or less),active14.c,
0607AD92,8,0,0,stub (8 bytes or less),PLPAT12.c / PLCNT.c,
06083E2C,24,0,0,between files,active19.c / SHELL00.c,
06083E44,64,2,0,between files,active19.c / SHELL00.c,
06083E84,64,3,0,between files,active19.c / SHELL00.c,
06083EC4,64,2,0,between files,active19.c / SHELL00.c,
06083F20,64,3,0,between files,active19.c / SHELL00.c,
06083F88,64,2,0,between files,active19.c / SHELL00.c,
06083FC8,46,3,0,between files,active19.c / SHELL00.c,
06083FF6,64,2,0,between files,active19.c / SHELL00.c,
06084036,74,3,0,between files,active19.c / SHELL00.c,
0608693C,4,0,0,stub (8 bytes or less),SHELL14.c / eff05.c,
06086940,258,0,4,between files,SHELL14.c / eff05.c,
06086A74,274,10,4,between files,SHELL14.c / eff05.c,
06086BB0,408,13,2,between files,SHELL14.c / eff05.c,
06086D68,344,11,2,between files,SHELL14.c / eff05.c,
06086EC0,324,10,1,between files,SHELL14.c / eff05.c,
06087004,20,0,4,between files,SHELL14.c / eff05.c,
06087018,12,0,2,between files,SHELL14.c / eff05.c,
0608716C,70,1,12,between files,eff05.c / aboutspr.c,
060871B2,28,0,10,between files,eff05.c / aboutspr.c,
060871CE,1028,17,6,between files,eff05.c / aboutspr.c,
0608760C,132,0,0,between files,eff05.c / aboutspr.c,
06087690,136,0,0,between files,eff05.c / aboutspr.c,
06087724,128,0,0,between files,eff05.c / aboutspr.c,
060877A4,132,0,0,between files,eff05.c / aboutspr.c,
06087828,74,2,1,between files,eff05.c / aboutspr.c,
06087894,102,3,5,between files,eff05.c / aboutspr.c,
060878FA,160,3,1,hardware access,eff05.c / aboutspr.c,
0608799A,200,3,0,hardware access,eff05.c / aboutspr.c,
06087A62,160,3,0,hardware access,eff05.c / aboutspr.c,
06087B02,188,3,0,hardware access,eff05.c / aboutspr.c,
06087BBE,168,3,0,hardware access,eff05.c / aboutspr.c,
06087C66,842,5,1,between files,eff05.c / aboutspr.c,
06087FB0,508,5,1,between files,eff05.c / aboutspr.c,
060881AC,80,0,1,between files,eff05.c / aboutspr.c,
06088244,426,4,0,between files,eff05.c / aboutspr.c,
06088494,102,1,0,inside the code of one PS2 file,aboutspr.c,
06088602,196,3,1,hardware access,aboutspr.c,
060886C6,238,4,12,hardware access,aboutspr.c,
06088888,106,1,4,between files,aboutspr.c / PulPul.c,
060888F2,56,2,0,between files,aboutspr.c / PulPul.c,
0608892A,226,2,1,between files,aboutspr.c / PulPul.c,
06088B34,236,2,2,between files,PulPul.c / CHARSET.c,
06088C20,222,3,3,between files,PulPul.c / CHARSET.c,
06088D38,46,0,1,between files,PulPul.c / CHARSET.c,
06088D66,722,9,3,hardware access,PulPul.c / CHARSET.c,
06089038,82,2,1,between files,PulPul.c / CHARSET.c,
0608909C,64,0,1,between files,PulPul.c / CHARSET.c,
0608936A,14,0,0,inside the code of one PS2 file,CHARSET.c,
060893FE,38,0,0,inside the code of one PS2 file,CHARSET.c,
06089424,14,0,0,inside the code of one PS2 file,CHARSET.c,
06089458,14,0,0,inside the code of one PS2 file,CHARSET.c,
06089466,38,2,0,inside the code of one PS2 file,CHARSET.c,
0608948C,14,0,0,inside the code of one PS2 file,CHARSET.c,
060894B4,38,2,0,inside the code of one PS2 file,CHARSET.c,
060894DA,14,0,0,inside the code of one PS2 file,CHARSET.c,
0608950E,14,0,0,inside the code of one PS2 file,CHARSET.c,
0608951C,38,2,0,inside the code of one PS2 file,CHARSET.c,
06089542,14,0,0,inside the code of one PS2 file,CHARSET.c,
06089550,38,2,0,inside the code of one PS2 file,CHARSET.c,
06089576,14,0,0,inside the code of one PS2 file,CHARSET.c,
06089584,38,2,0,inside the code of one PS2 file,CHARSET.c,
060895AA,34,1,1,inside the code of one PS2 file,CHARSET.c,
060895CC,14,0,0,inside the code of one PS2 file,CHARSET.c,
060897FE,20,0,0,inside the code of one PS2 file,CHARSET.c,
06089B26,10,0,0,inside the code of one PS2 file,CHARSET.c,
06089B6C,8,0,0,stub (8 bytes or less),CHARSET.c,
0608A292,8,0,0,stub (8 bytes or less),CHARSET.c,
0608A2F6,8,0,0,stub (8 bytes or less),CHARSET.c,
0608A452,10,0,0,inside the code of one PS2 file,CHARSET.c,
0608A7BC,10,0,0,inside the code of one PS2 file,CHARSET.c,
0608AEC6,4,0,0,stub (8 bytes or less),CHARSET.c,
0608AF2C,4,0,0,stub (8 bytes or less),CHARSET.c,
0608AF86,4,0,0,stub (8 bytes or less),CHARSET.c,
0608B330,8,0,0,stub (8 bytes or less),CHARSET.c,
0608B74A,4,0,0,stub (8 bytes or less),CHARSET.c,
0608B7D2,4,0,0,stub (8 bytes or less),CHARSET.c,
0608B7FE,4,0,0,stub (8 bytes or less),CHARSET.c,
0608B854,10,0,0,inside the code of one PS2 file,CHARSET.c,
0608B95A,10,0,0,inside the code of one PS2 file,CHARSET.c,
0608B9B6,10,0,0,inside the code of one PS2 file,CHARSET.c,
0608BA2E,4,0,0,stub (8 bytes or less),CHARSET.c,
0608BA7C,4,0,0,stub (8 bytes or less),CHARSET.c,
0608BAAE,4,0,0,stub (8 bytes or less),CHARSET.c,
0608BB04,10,0,0,inside the code of one PS2 file,CHARSET.c,
0608C52C,38,0,1,between files,CHARSET.c / CHARID.c,
0608C552,78,2,1,between files,CHARSET.c / CHARID.c,
0608C6C4,222,0,4,between files,CHARID.c / HITCHECK.c,
0608E98A,70,0,1,inside the code of one PS2 file,HITCHECK.c,
0608EC2A,12,0,0,inside the code of one PS2 file,HITCHECK.c,
0608EC36,12,0,0,inside the code of one PS2 file,HITCHECK.c,
0608EC42,12,0,0,inside the code of one PS2 file,HITCHECK.c,
0608EC4E,12,0,0,inside the code of one PS2 file,HITCHECK.c,
0608EC5A,12,0,0,inside the code of one PS2 file,HITCHECK.c,
0608EC66,12,0,0,inside the code of one PS2 file,HITCHECK.c,
0608EC72,12,0,0,inside the code of one PS2 file,HITCHECK.c,
0608EC7E,12,0,0,inside the code of one PS2 file,HITCHECK.c,
0608F480,136,0,1,hardware access,SLOWF.c / SE.c,
0608F508,146,0,1,hardware access,SLOWF.c / SE.c,
0608F5B0,276,0,0,hardware access,SLOWF.c / SE.c,
0608F6E8,276,0,6,hardware access,SLOWF.c / SE.c,
0608F7FC,34,0,0,between files,SLOWF.c / SE.c,
0608F840,44,0,0,between files,SLOWF.c / SE.c,
0608F86C,134,0,1,hardware access,SLOWF.c / SE.c,
0608F8F2,76,0,0,between files,SLOWF.c / SE.c,
0608F93E,34,0,0,between files,SLOWF.c / SE.c,
0608F97C,162,0,1,hardware access,SLOWF.c / SE.c,
0608FA1E,152,0,1,hardware access,SLOWF.c / SE.c,
0608FACC,52,1,2,between files,SLOWF.c / SE.c,
0608FB00,52,2,0,between files,SLOWF.c / SE.c,
0608FB5E,12,1,0,inside the code of one PS2 file,SE.c,
0608FBA8,68,3,2,inside the code of one PS2 file,SE.c,
0608FBEC,4,0,0,stub (8 bytes or less),SE.c,
060900D0,36,0,4,inside the code of one PS2 file,SE.c,
0609016C,166,0,12,between files,SE.c / CALDIR.c,
06090212,44,1,0,between files,SE.c / CALDIR.c,
0609023E,50,1,0,between files,SE.c / CALDIR.c,
060902AC,54,1,0,inside the code of one PS2 file,CALDIR.c,
060902E2,56,1,0,inside the code of one PS2 file,CALDIR.c,
0609031A,38,1,0,inside the code of one PS2 file,CALDIR.c,
06090340,46,1,0,inside the code of one PS2 file,CALDIR.c,
0609036E,52,1,0,inside the code of one PS2 file,CALDIR.c,
060903A2,54,1,0,inside the code of one PS2 file,CALDIR.c,
060903D8,56,1,0,inside the code of one PS2 file,CALDIR.c,
06090410,58,1,0,inside the code of one PS2 file,CALDIR.c,
0609044A,100,0,0,inside the code of one PS2 file,CALDIR.c,
060904AE,104,0,0,inside the code of one PS2 file,CALDIR.c,
0609057E,108,0,0,inside the code of one PS2 file,CALDIR.c,
06090608,84,0,0,inside the code of one PS2 file,CALDIR.c,
0609065C,112,0,0,inside the code of one PS2 file,CALDIR.c,
060906CC,6,0,0,stub (8 bytes or less),CALDIR.c,
060906D2,12,0,0,inside the code of one PS2 file,CALDIR.c,
060906DE,14,0,0,inside the code of one PS2 file,CALDIR.c,
060906EC,16,0,0,inside the code of one PS2 file,CALDIR.c,
060906FC,18,0,0,inside the code of one PS2 file,CALDIR.c,
0609070E,142,1,0,inside the code of one PS2 file,CALDIR.c,
06090884,4,0,0,stub (8 bytes or less),CALDIR.c,
06090888,232,6,2,inside the code of one PS2 file,CALDIR.c,
060908A4,252,6,2,inside the code of one PS2 file,CALDIR.c,
060909A0,48,2,1,inside the code of one PS2 file,CALDIR.c,
06090D3E,94,1,0,inside the code of one PS2 file,CALDIR.c,
06090EB8,162,11,4,between files,CALDIR.c / SYS_sub.c,
06090F68,22,3,3,between files,CALDIR.c / SYS_sub.c,
06090F7E,14,2,22,between files,CALDIR.c / SYS_sub.c,
06090F8C,20,3,0,between files,CALDIR.c / SYS_sub.c,
06090FA0,58,9,2,between files,CALDIR.c / SYS_sub.c,
06090FDA,100,11,1,between files,CALDIR.c / SYS_sub.c,
0609103E,6,1,0,stub (8 bytes or less),CALDIR.c / SYS_sub.c,
06091056,138,2,7,between files,CALDIR.c / SYS_sub.c,
0609111C,100,5,0,between files,SYS_sub.c / Sound3rd.c,
06091180,28,0,0,between files,SYS_sub.c / Sound3rd.c,
060911E4,48,0,34,between files,SYS_sub.c / Sound3rd.c,
06091214,232,5,24,between files,SYS_sub.c / Sound3rd.c,
06091404,44,0,9,hardware access,SYS_sub.c / Sound3rd.c,
06091430,44,0,5,hardware access,SYS_sub.c / Sound3rd.c,
0609145C,46,0,6,between files,SYS_sub.c / Sound3rd.c,
060914F4,584,6,2,between files,Sound3rd.c / SYS_sub.c,
0609173C,70,0,1,between files,Sound3rd.c / SYS_sub.c,
06091782,150,0,1,between files,Sound3rd.c / SYS_sub.c,
06091824,176,0,1,between files,Sound3rd.c / SYS_sub.c,
060918D4,206,1,1,between files,Sound3rd.c / SYS_sub.c,
060919A2,192,1,1,between files,Sound3rd.c / SYS_sub.c,
06091A6C,82,0,1,between files,Sound3rd.c / SYS_sub.c,
06091ABE,84,0,1,between files,Sound3rd.c / SYS_sub.c,
06091B9C,180,1,0,between files,Sound3rd.c / SYS_sub.c,
06092026,86,2,1,between files,eff14.c / Sound3rd.c,
06092122,24,0,0,between files,bg_sub.c / SYS_sub.c,
06092294,22,0,1,inside the code of one PS2 file,SYS_sub.c,
060922C8,118,4,0,inside the code of one PS2 file,SYS_sub.c,
0609233E,50,0,1,inside the code of one PS2 file,SYS_sub.c,
06092370,44,0,0,inside the code of one PS2 file,SYS_sub.c,
0609272C,28,0,6,between files,SYS_sub.c / Grade.c,
06092748,48,0,2,between files,SYS_sub.c / Grade.c,
06092778,24,0,0,between files,SYS_sub.c / Grade.c,
060927C0,14,0,1,between files,SYS_sub.c / Grade.c,
06092C5A,948,10,1,inside the code of one PS2 file,Grade.c,
06092D44,70,0,1,inside the code of one PS2 file,Grade.c,
06093308,334,8,1,inside the code of one PS2 file,Grade.c,
06093460,170,10,1,inside the code of one PS2 file,Grade.c,
0609390E,30,0,1,inside the code of one PS2 file,Grade.c,
06094AFC,166,4,2,inside the code of one PS2 file,Grade.c,
06094BA2,156,4,1,inside the code of one PS2 file,Grade.c,
06094C3E,62,1,0,inside the code of one PS2 file,Grade.c,
06094C7C,34,0,3,inside the code of one PS2 file,Grade.c,
06094D78,54,3,0,between files,Grade.c / RANKING.c,
06094DAE,42,0,0,between files,Grade.c / RANKING.c,
060951AA,50,1,1,between files,Grade.c / RANKING.c,
060951DC,48,2,1,between files,Grade.c / RANKING.c,
06095CF4,234,15,0,between files,Grade.c / RANKING.c,
06096B2C,46,0,0,between files,Grade.c / RANKING.c,
06096B5A,62,1,1,between files,Grade.c / RANKING.c,
06096CE4,4,0,0,stub (8 bytes or less),Grade.c / RANKING.c,
06096D94,230,1,1,between files,Grade.c / RANKING.c,
06096EBC,244,8,1,between files,Grade.c / RANKING.c,GAME DATA | INCOME | SERVICE | CARD
06096FE8,18,1,0,between files,Grade.c / RANKING.c,
06096FFA,20,0,0,between files,Grade.c / RANKING.c,
0609700E,20,0,1,between files,Grade.c / RANKING.c,
06097030,54,0,1,between files,Grade.c / RANKING.c,
06097066,334,13,0,between files,Grade.c / RANKING.c,
060971B4,242,6,0,between files,Grade.c / RANKING.c,
060972A6,186,8,0,between files,Grade.c / RANKING.c,
0609738C,354,14,1,between files,Grade.c / RANKING.c,
060974EE,152,9,1,between files,Grade.c / RANKING.c,
060975B4,50,0,1,between files,Grade.c / RANKING.c,
060975E6,520,17,0,between files,Grade.c / RANKING.c,
060977EE,586,26,0,between files,Grade.c / RANKING.c,
06097A38,28,0,1,between files,Grade.c / RANKING.c,
06097A54,50,2,2,between files,Grade.c / RANKING.c,
06097AD0,68,1,1,between files,Grade.c / RANKING.c,
06097B14,58,0,1,between files,Grade.c / RANKING.c,
06097B78,50,0,2,between files,Grade.c / RANKING.c,
060985C0,54,6,2,between files,RANKING.c / Manage.c,
0609864C,238,2,2,between files,RANKING.c / Manage.c,
0609875C,60,3,2,between files,RANKING.c / Manage.c,
06098798,96,1,1,between files,RANKING.c / Manage.c,
060987F8,120,1,2,between files,RANKING.c / Manage.c,
06098870,520,11,2,between files,RANKING.c / Manage.c,
06098C6C,410,7,2,between files,RANKING.c / Manage.c,
06098E06,394,7,2,between files,RANKING.c / Manage.c,
06098F90,54,1,1,between files,RANKING.c / Manage.c,
06098FC6,222,3,1,between files,RANKING.c / Manage.c,
060990A4,246,0,1,between files,RANKING.c / Manage.c,
060991B0,38,0,0,between files,RANKING.c / Manage.c,
060991D6,170,3,0,between files,RANKING.c / Manage.c,
06099280,4,0,0,stub (8 bytes or less),RANKING.c / Manage.c,
060992B0,118,2,8,between files,RANKING.c / Manage.c,
0609BEB6,278,6,1,inside the code of one PS2 file,Manage.c,WINS
0609BFCC,268,6,1,inside the code of one PS2 file,Manage.c,WINS
0609C0D8,60,1,1,inside the code of one PS2 file,Manage.c,
0609C232,66,0,2,inside the code of one PS2 file,Manage.c,
0609C342,98,1,1,inside the code of one PS2 file,Manage.c,
0609C46C,26,0,1,inside the code of one PS2 file,Manage.c,
0609C54E,86,0,2,inside the code of one PS2 file,Manage.c,
0609C5E4,168,2,1,inside the code of one PS2 file,Manage.c,
0609C68C,100,1,1,inside the code of one PS2 file,Manage.c,
0609C750,422,1,2,inside the code of one PS2 file,Manage.c,
0609C8F6,28,0,0,inside the code of one PS2 file,Manage.c,
0609C960,254,1,1,inside the code of one PS2 file,Manage.c,
0609CA5E,142,3,1,inside the code of one PS2 file,Manage.c,
0609CC6C,148,3,2,between files,Manage.c / savesub.c,
0609CD00,228,2,1,between files,Manage.c / savesub.c,
0609D59E,124,1,10,between files,Win.c / Continue.c,
0609D61A,118,5,1,between files,Win.c / Continue.c,
0609D6C8,122,9,1,between files,Win.c / Continue.c,
0609D742,288,7,0,between files,Win.c / Continue.c,
0609D8A8,736,19,0,between files,Win.c / Continue.c,
0609DB88,8,0,0,stub (8 bytes or less),Win.c / Continue.c,
0609DB90,80,10,1,between files,Win.c / Continue.c,
0609DC20,344,17,1,between files,Win.c / Continue.c,
0609E042,68,1,2,between files,Continue.c / Pow_Pow.c,
0609E086,150,0,1,between files,Continue.c / Pow_Pow.c,
0609E2F0,52,0,1,between files,Continue.c / Pow_Pow.c,
0609E324,50,0,3,between files,Continue.c / Pow_Pow.c,
0609E3FA,142,3,1,inside the code of one PS2 file,Pow_Pow.c,Z_bdgjmpdhlnprtx
0609E57A,448,11,5,between files,Pow_Pow.c / sel_pl.c,
0609E73A,246,10,3,between files,Pow_Pow.c / sel_pl.c,
0609E8AC,134,5,1,between files,Pow_Pow.c / sel_pl.c,
0609EADA,78,4,0,between files,Pow_Pow.c / sel_pl.c,
0609EB28,76,3,0,between files,Pow_Pow.c / sel_pl.c,
0609EB74,4,0,0,stub (8 bytes or less),Pow_Pow.c / sel_pl.c,
0609ED38,48,1,1,between files,Pow_Pow.c / sel_pl.c,
0609F0AA,322,1,1,inside the code of one PS2 file,sel_pl.c,
0609FB44,44,0,1,inside the code of one PS2 file,sel_pl.c,
060A0020,26,0,1,inside the code of one PS2 file,sel_pl.c,
060A0026,20,0,1,inside the code of one PS2 file,sel_pl.c,
060A003E,52,1,1,inside the code of one PS2 file,sel_pl.c,
060A0194,68,1,1,inside the code of one PS2 file,sel_pl.c,
060A01D8,84,0,1,inside the code of one PS2 file,sel_pl.c,
060A026C,114,5,0,inside the code of one PS2 file,sel_pl.c,
060A02DE,18,0,0,inside the code of one PS2 file,sel_pl.c,
060A02F0,18,0,0,inside the code of one PS2 file,sel_pl.c,
060A0302,82,5,0,inside the code of one PS2 file,sel_pl.c,
060A0374,4,0,0,stub (8 bytes or less),sel_pl.c,
060A0394,146,3,2,inside the code of one PS2 file,sel_pl.c,
060A0426,4,0,0,stub (8 bytes or less),sel_pl.c,
060A0482,36,0,1,between files,sel_pl.c / SYS_sub.c,
060A052A,40,7,1,between files,sel_pl.c / SYS_sub.c,
060A0574,48,1,1,between files,sel_pl.c / SYS_sub.c,
060A05A4,92,1,1,between files,sel_pl.c / SYS_sub.c,
060A062C,92,1,1,between files,sel_pl.c / SYS_sub.c,
060A0688,138,0,1,between files,sel_pl.c / SYS_sub.c,
060A0730,74,0,2,between files,SYS_sub.c / sel_pl.c,
060A07A8,58,0,0,between files,SYS_sub.c / sel_pl.c,
060A0B42,76,0,1,inside the code of one PS2 file,sel_pl.c,
060A0C36,28,0,0,inside the code of one PS2 file,sel_pl.c,
060A0C52,94,3,1,inside the code of one PS2 file,sel_pl.c,
060A2606,8,0,0,stub (8 bytes or less),Next_CPU.c,
060A2E66,68,2,1,inside the code of one PS2 file,Next_CPU.c,
060A2EE8,66,0,1,inside the code of one PS2 file,Next_CPU.c,
060B2904,26,4,0,between files,EFFA6.c / CMD_MAIN.c,
060B2934,1408,5,2,between files,EFFA6.c / CMD_MAIN.c,
060B2960,38,1,1,between files,EFFA6.c / CMD_MAIN.c,
060B37BE,176,0,0,inside the code of one PS2 file,CMD_MAIN.c,
060B386E,82,0,0,inside the code of one PS2 file,CMD_MAIN.c,
060B39CA,280,5,0,inside the code of one PS2 file,CMD_MAIN.c,
060B6242,18,0,3,between files,CMD_MAIN.c / ta_sub.c,
060B6264,4,0,0,stub (8 bytes or less),CMD_MAIN.c / ta_sub.c,
060B6268,4,0,0,stub (8 bytes or less),CMD_MAIN.c / ta_sub.c,
060B626C,80,2,0,between files,CMD_MAIN.c / ta_sub.c,
060B62BC,82,2,0,between files,CMD_MAIN.c / ta_sub.c,
060B64C8,52,0,0,inside the code of one PS2 file,ta_sub.c,
060B65E0,64,2,1,inside the code of one PS2 file,ta_sub.c,
060B6620,124,1,1,inside the code of one PS2 file,ta_sub.c,
060B66DC,68,0,0,inside the code of one PS2 file,ta_sub.c,
060B6864,82,2,0,inside the code of one PS2 file,ta_sub.c,
060B6908,82,2,0,inside the code of one PS2 file,ta_sub.c,
060B69EC,40,2,2,inside the code of one PS2 file,ta_sub.c,
060B6A6C,82,2,0,inside the code of one PS2 file,ta_sub.c,
060B6D98,24,0,1,inside the code of one PS2 file,ta_sub.c,
060B6DDC,22,0,0,inside the code of one PS2 file,ta_sub.c,
060B6DF2,6,0,0,stub (8 bytes or less),ta_sub.c,
060B6DF8,28,0,2,inside the code of one PS2 file,ta_sub.c,
060B6E34,52,0,1,inside the code of one PS2 file,ta_sub.c,
060B6E82,46,0,1,between files,ta_sub.c / TATE00.c,
060B6F04,248,4,0,between files,ta_sub.c / TATE00.c,
060B6FFC,166,2,1,between files,ta_sub.c / TATE00.c,
060B70A2,166,2,1,between files,ta_sub.c / TATE00.c,
060B7160,68,0,0,between files,ta_sub.c / TATE00.c,
060B71BC,46,0,18,between files,ta_sub.c / TATE00.c,
060B72A0,166,0,0,between files,TATE00.c / bg_sub.c,
060B7346,110,4,0,between files,TATE00.c / bg_sub.c,
060B73E4,998,25,0,between files,TATE00.c / bg_sub.c,
060B77D4,180,2,0,between files,TATE00.c / bg_sub.c,
060B7888,102,3,0,between files,TATE00.c / bg_sub.c,
060B7928,1078,0,3,between files,TATE00.c / bg_sub.c,
060B7D5E,32,2,2,between files,TATE00.c / bg_sub.c,
060B7D94,464,4,2,between files,TATE00.c / bg_sub.c,
060B7F64,436,0,2,between files,TATE00.c / bg_sub.c,
060B8118,20,0,0,between files,TATE00.c / bg_sub.c,
060B812C,20,0,0,between files,TATE00.c / bg_sub.c,
060B8164,68,0,1,inside the code of one PS2 file,bg_sub.c,
060B843C,106,2,0,inside the code of one PS2 file,bg_sub.c,
060B84A6,106,2,0,inside the code of one PS2 file,bg_sub.c,
060B8784,26,1,0,inside the code of one PS2 file,bg_sub.c,
060B89BC,94,0,0,inside the code of one PS2 file,bg_sub.c,
060B8E3C,84,0,2,inside the code of one PS2 file,bg_sub.c,
060B8E98,6,0,0,stub (8 bytes or less),bg_sub.c,
060B8EB4,482,0,0,inside the code of one PS2 file,bg_sub.c,
060B9170,348,0,0,inside the code of one PS2 file,bg_sub.c,
060B92D0,456,0,0,inside the code of one PS2 file,bg_sub.c,
060B9498,384,0,1,inside the code of one PS2 file,bg_sub.c,
060B9618,40,0,0,inside the code of one PS2 file,bg_sub.c,
060B9640,80,0,47,inside the code of one PS2 file,bg_sub.c,
060B9880,52,2,3,inside the code of one PS2 file,bg_sub.c,
060B9B36,6,0,0,stub (8 bytes or less),bg_sub.c / OPENING.c,
060B9B3C,6,0,0,stub (8 bytes or less),bg_sub.c / OPENING.c,
060B9B42,80,0,7,between files,bg_sub.c / OPENING.c,
060B9BAC,90,0,0,between files,bg_sub.c / OPENING.c,
060B9C48,122,0,1,between files,OPENING.c / bg_sub.c,
060B9CC2,70,1,1,between files,OPENING.c / bg_sub.c,
060B9D14,128,0,1,between files,OPENING.c / bg_sub.c,
060B9D94,70,1,0,between files,OPENING.c / bg_sub.c,
060B9DDA,156,0,1,between files,OPENING.c / bg_sub.c,
060B9E88,70,1,0,between files,OPENING.c / bg_sub.c,
060B9ECE,198,8,1,between files,OPENING.c / bg_sub.c,
060B9F94,250,2,1,between files,OPENING.c / bg_sub.c,
060BA08E,64,1,2,between files,OPENING.c / bg_sub.c,
060BA0CE,70,1,1,between files,OPENING.c / bg_sub.c,
060BA114,84,8,0,between files,OPENING.c / bg_sub.c,
060BA190,26,1,0,between files,OPENING.c / bg_sub.c,
060BA1AA,110,4,1,between files,OPENING.c / bg_sub.c,
060BA218,174,1,1,between files,OPENING.c / bg_sub.c,
060BA2C6,192,2,0,between files,OPENING.c / bg_sub.c,
060BA42A,4,0,0,stub (8 bytes or less),OPENING.c / bg_sub.c,
060BA6B4,682,6,2,between files,OPENING.c / bg_sub.c,
060BA964,34,1,0,between files,OPENING.c / bg_sub.c,
060BA986,96,0,6,between files,OPENING.c / bg_sub.c,
060BA9E6,88,0,1,between files,OPENING.c / bg_sub.c,
060BAA3E,256,1,1,between files,OPENING.c / bg_sub.c,
060BAB3E,254,7,1,between files,OPENING.c / bg_sub.c,
060BAC3C,56,1,5,between files,OPENING.c / bg_sub.c,
060BAC74,16,2,0,between files,OPENING.c / bg_sub.c,
060BACF2,4,0,0,stub (8 bytes or less),bg_sub.c,
060BACF6,1872,21,2,inside the code of one PS2 file,bg_sub.c,
060BB446,16,1,1,inside the code of one PS2 file,bg_sub.c,
060BB620,1684,20,9,between files,bg_sub.c / bg000.c,
060BBCE4,102,3,0,between files,bg_sub.c / bg000.c,
060BBD4A,44,0,0,between files,bg_sub.c / bg000.c,
060BC09C,6,1,0,stub (8 bytes or less),bg000.c / bg010.c,
060BC0B0,120,4,0,between files,bg000.c / bg010.c,
060BC128,40,0,0,between files,bg000.c / bg010.c,
060BC1AA,40,0,0,between files,bg010.c / bg020.c,
060BC1D2,54,0,0,between files,bg010.c / bg020.c,
060BC244,154,3,1,between files,bg010.c / bg020.c,
060BC3E4,54,0,0,inside the code of one PS2 file,bg020.c,
060BC58C,94,3,0,between files,bg020.c / bg040.c,
060BC5EA,40,0,0,between files,bg020.c / bg040.c,
060BC612,62,1,0,between files,bg020.c / bg040.c,
060BC650,40,0,0,between files,bg020.c / bg040.c,
060BC678,96,6,0,between files,bg020.c / bg040.c,
060BC8BC,144,3,0,between files,bg040.c / bg100.c,
060BC94C,40,0,0,between files,bg040.c / bg100.c,
060BC974,54,0,0,between files,bg040.c / bg100.c,
060BC9AA,40,0,0,between files,bg040.c / bg100.c,
060BCA58,40,0,0,between files,bg100.c / bg060.c,
060BCA80,98,1,0,between files,bg100.c / bg060.c,
060BCAE2,22,3,0,between files,bg100.c / bg060.c,
060BCB14,144,3,0,between files,bg100.c / bg060.c,
060BCBA4,40,0,0,between files,bg100.c / bg060.c,
060BCBCC,54,0,0,between files,bg100.c / bg060.c,
060BCC02,14,2,0,between files,bg100.c / bg060.c,
060BCC10,40,0,0,between files,bg100.c / bg060.c,
060BCC68,104,7,0,between files,bg100.c / bg060.c,
060BCCD0,20,3,0,between files,bg100.c / bg060.c,
060BCCE4,40,0,0,between files,bg100.c / bg060.c,
060BCD0C,98,1,0,between files,bg100.c / bg060.c,
060BCD6E,22,3,0,between files,bg100.c / bg060.c,
060BCDC8,120,4,0,between files,bg100.c / bg060.c,
060BCE40,40,0,0,between files,bg100.c / bg060.c,
060BCEBE,40,0,0,between files,bg060.c / bg030.c,
060BCF0C,132,6,0,between files,bg060.c / bg030.c,
060BCF90,154,3,1,between files,bg060.c / bg030.c,
060BD064,120,4,0,between files,bg060.c / bg030.c,
060BD0DC,40,0,0,between files,bg060.c / bg030.c,
060BD104,170,7,0,between files,bg060.c / bg030.c,
060BD1AE,22,3,0,between files,bg060.c / bg030.c,
060BD218,40,0,0,between files,bg060.c / bg030.c,
060BD294,156,3,1,between files,bg030.c / bg100.c,
060BD364,216,3,0,between files,bg030.c / bg100.c,
060BD43C,40,0,0,between files,bg030.c / bg100.c,
060BD4AC,40,0,0,between files,bg100.c / bg080.c,
060BD504,96,5,0,between files,bg100.c / bg080.c,
060BD564,40,0,0,between files,bg100.c / bg080.c,
060BDB14,94,3,0,between files,bg090.c / bg120.c,
060BDB72,40,0,0,between files,bg090.c / bg120.c,
060BDB9A,94,2,0,between files,bg090.c / bg120.c,
060BDBF8,40,0,0,between files,bg090.c / bg120.c,
060BDC50,118,4,0,between files,bg090.c / bg120.c,
060BDCE4,94,3,0,between files,bg090.c / bg120.c,
060BDD42,40,0,0,between files,bg090.c / bg120.c,
060BDD6A,54,0,0,between files,bg090.c / bg120.c,
060BDDA0,20,3,0,between files,bg090.c / bg120.c,
060BDDB4,40,0,0,between files,bg090.c / bg120.c,
060BDDDC,54,0,0,between files,bg090.c / bg120.c,
060BDE12,14,2,0,between files,bg090.c / bg120.c,
060BDE58,144,6,0,between files,bg090.c / bg120.c,
060BDEE8,40,0,0,between files,bg090.c / bg120.c,
060BDF46,40,0,0,between files,bg120.c / bg080.c,
060BDF94,92,5,0,between files,bg120.c / bg080.c,
060BDFF0,184,3,1,between files,bg120.c / bg080.c,
060BE0E4,120,4,0,between files,bg120.c / bg080.c,
060BE15C,40,0,0,between files,bg120.c / bg080.c,
060BE184,72,2,0,between files,bg120.c / bg080.c,
060BE1CC,40,0,0,between files,bg120.c / bg080.c,
060BE22A,190,3,1,between files,bg080.c / bg060.c,
060BE2FC,120,4,0,between files,bg080.c / bg060.c,
060BE374,40,0,0,between files,bg080.c / bg060.c,
060BE400,40,0,0,between files,bg060.c / bg050.c,
060BE49C,154,3,1,between files,bg050.c / bg030.c,
060BE536,116,0,0,between files,bg050.c / bg030.c,
060BE5D8,120,4,0,between files,bg050.c / bg030.c,
060BE650,40,0,0,between files,bg050.c / bg030.c,
060BE678,54,0,0,between files,bg050.c / bg030.c,
060BE6AE,40,0,0,between files,bg050.c / bg030.c,
060BE6F8,132,11,0,between files,bg050.c / bg030.c,
060BE77C,154,3,1,between files,bg050.c / bg030.c,
060BE85C,120,4,0,between files,bg050.c / bg030.c,
060BE8D4,40,0,0,between files,bg050.c / bg030.c,
060BE932,40,0,0,between files,bg030.c / bg020.c,
060BE95A,98,6,0,between files,bg030.c / bg020.c,
060BE9FC,156,3,1,between files,bg030.c / bg020.c,
060BEAB4,120,4,0,between files,bg030.c / bg020.c,
060BEB2C,40,0,0,between files,bg030.c / bg020.c,
060BEB8A,40,0,0,between files,bg020.c / bg150.c,
060BEC48,154,3,1,between files,bg150.c / appear.c,
060BED24,88,2,0,between files,bg150.c / appear.c,
060BED7C,40,0,0,between files,bg150.c / appear.c,
060BEDA4,76,2,0,between files,bg150.c / appear.c,
060BEDF0,14,2,0,between files,bg150.c / appear.c,
060BEDFE,40,0,0,between files,bg150.c / appear.c,
060BEE26,54,0,0,between files,bg150.c / appear.c,
060BEE5C,14,2,0,between files,bg150.c / appear.c,
060BEEA8,88,2,0,between files,bg150.c / appear.c,
060BEF00,40,0,0,between files,bg150.c / appear.c,
060BEF28,130,7,0,between files,bg150.c / appear.c,
060BEFAA,14,2,0,between files,bg150.c / appear.c,
060BEFB8,40,0,0,between files,bg150.c / appear.c,
060BF024,54,0,0,between files,bg150.c / appear.c,
060BF05A,14,2,0,between files,bg150.c / appear.c,
060BF078,144,4,1,between files,bg150.c / appear.c,
060BF108,68,3,0,between files,bg150.c / appear.c,
060BF17C,356,1,0,between files,bg150.c / appear.c,
060BF2E0,32,0,0,between files,bg150.c / appear.c,
060BF300,96,4,0,between files,bg150.c / appear.c,
060BF360,24,1,0,between files,bg150.c / appear.c,
060BF378,28,2,0,between files,bg150.c / appear.c,THANK YOU | FOR PLAYING
060BF394,2398,3,0,between files,bg150.c / appear.c,
060BF3F4,2302,3,0,between files,bg150.c / appear.c,
060BF6A2,166,5,0,between files,bg150.c / appear.c,
060BF748,1450,2,0,between files,bg150.c / appear.c,
060BF774,296,2,2,between files,bg150.c / appear.c,
060BF89C,186,0,1,between files,bg150.c / appear.c,
060BF956,92,0,2,between files,bg150.c / appear.c,
060BF9B2,72,1,2,between files,bg150.c / appear.c,
060BF9FA,148,0,1,between files,bg150.c / appear.c,
060BFA8E,56,0,2,between files,bg150.c / appear.c,
060BFAC6,220,0,1,between files,bg150.c / appear.c,
060BFBC8,186,5,2,between files,bg150.c / appear.c,
060BFCF2,226,3,3,between files,bg150.c / appear.c,
060BFDD4,264,2,1,between files,bg150.c / appear.c,
060BFEDC,126,4,1,between files,bg150.c / appear.c,
060BFF5A,72,0,1,between files,bg150.c / appear.c,
060C038E,152,4,0,inside the code of one PS2 file,appear.c,
060C05DE,152,4,0,inside the code of one PS2 file,appear.c,
060C2DDC,172,3,1,between files,appear.c / menu.c,
060C2E88,4,1,0,stub (8 bytes or less),appear.c / menu.c,
060C2E8C,1318,18,0,between files,appear.c / menu.c,
060C33B2,312,6,0,between files,appear.c / menu.c,
060C34EA,362,7,0,between files,appear.c / menu.c,
060C3654,358,9,0,between files,appear.c / menu.c,
060C37BA,176,5,12,between files,appear.c / menu.c,
060C3898,184,5,1,between files,appear.c / menu.c,
060C3950,402,11,0,between files,appear.c / menu.c,
060C3B1C,226,6,0,between files,appear.c / menu.c,
060C3BFE,12,0,0,between files,appear.c / menu.c,
060C3C3C,468,11,0,between files,appear.c / menu.c,
060C3E10,274,6,0,between files,appear.c / menu.c,
060C3F54,506,11,0,between files,appear.c / menu.c,
060C414E,1444,20,0,between files,appear.c / menu.c,
060C434C,118,0,3,between files,appear.c / menu.c,
060C43D4,154,3,2,between files,appear.c / menu.c,
060C470C,208,9,0,between files,appear.c / menu.c,
060C47DC,1094,16,0,between files,appear.c / menu.c,
060C4C22,256,6,0,between files,appear.c / menu.c,
060C4D22,334,5,0,between files,appear.c / menu.c,
060C4EAC,766,19,0,between files,appear.c / menu.c,
060C51AA,260,6,0,between files,menu.c / OPENING.c,
060C52AE,12,0,0,between files,menu.c / OPENING.c,
060C52BA,26,1,0,between files,menu.c / OPENING.c,
060C5308,426,6,1,between files,menu.c / OPENING.c,
060C54B2,214,4,1,between files,menu.c / OPENING.c,
060C558C,82,1,1,between files,menu.c / OPENING.c,
060C55DE,1358,10,0,between files,menu.c / OPENING.c,
060C55F4,334,7,0,between files,menu.c / OPENING.c,
060C5742,1002,15,0,between files,menu.c / OPENING.c,
060C5864,336,4,0,between files,menu.c / OPENING.c,
060C5B2C,174,4,1,between files,menu.c / OPENING.c,
060C5C04,18,0,0,between files,menu.c / OPENING.c,
060C654A,6,0,0,stub (8 bytes or less),OPENING.c,
060C6606,6,0,0,stub (8 bytes or less),OPENING.c,
060C68DE,12,0,0,inside the code of one PS2 file,OPENING.c,
060C6E9E,12,0,0,inside the code of one PS2 file,OPENING.c,
060C7CB8,4,0,0,stub (8 bytes or less),OPENING.c,
060C7CBC,52,2,0,inside the code of one PS2 file,OPENING.c,
060C8970,146,4,0,inside the code of one PS2 file,OPENING.c,
060C8F9E,666,13,1,inside the code of one PS2 file,OPENING.c,
060C9420,296,0,1,inside the code of one PS2 file,OPENING.c,
060C99C6,78,11,0,between files,OPENING.c / end_main.c,
060C9A38,50,0,2,between files,OPENING.c / end_main.c,
060C9A6A,32,1,1,between files,OPENING.c / end_main.c,
060C9AB0,978,0,1,between files,OPENING.c / end_main.c,
060C9E82,26,1,0,between files,OPENING.c / end_main.c,
060C9E9C,6,1,0,stub (8 bytes or less),OPENING.c / end_main.c,
060C9EA2,12,1,0,between files,OPENING.c / end_main.c,
060C9F18,1232,15,19,between files,OPENING.c / end_main.c,
060CA3E8,300,7,19,between files,OPENING.c / end_main.c,
060CA648,78,0,19,inside the code of one PS2 file,end_main.c,
060CA696,98,1,0,inside the code of one PS2 file,end_main.c,
060CA77E,66,1,8,inside the code of one PS2 file,end_main.c,
060CA7C0,66,1,0,inside the code of one PS2 file,end_main.c,
060CA8FC,56,0,0,between files,end_main.c / end_1.c,
060CA934,4,0,0,stub (8 bytes or less),end_main.c / end_1.c,
060CA938,66,1,3,between files,end_main.c / end_1.c,
060CA9C0,208,14,0,between files,end_main.c / end_1.c,
060CAA90,56,0,1,between files,end_main.c / end_1.c,
060CAE6C,68,1,1,between files,end_1.c / end_2.c,
060CAEC0,222,16,0,between files,end_1.c / end_2.c,
060CAF9E,56,0,1,between files,end_1.c / end_2.c,
060CB662,148,5,1,between files,end_2.c / end_3.c,
060CB71C,214,15,0,between files,end_2.c / end_3.c,
060CB7F2,60,0,1,between files,end_2.c / end_3.c,
060CBCD4,100,3,1,between files,end_3.c / end_4.c,
060CBD7C,236,16,0,between files,end_3.c / end_4.c,
060CBE68,20,0,1,between files,end_3.c / end_4.c,
060CC6E8,122,3,1,between files,end_4.c / end_17.c,
060CC87C,88,0,1,between files,end_17.c / end_5.c,
060CCE0C,44,0,2,inside the code of one PS2 file,end_5.c,
060CCE64,26,0,2,inside the code of one PS2 file,end_5.c,
060CCE7E,26,0,2,inside the code of one PS2 file,end_5.c,
060CD224,178,1,4,between files,end_5.c / end_6.c,
060CD300,148,5,1,between files,end_5.c / end_6.c,
060CD3A8,218,16,1,between files,end_5.c / end_6.c,
060CD482,60,0,1,between files,end_5.c / end_6.c,
060CDE76,148,5,1,between files,end_6.c / end_7.c,
060CDF3C,212,15,0,between files,end_6.c / end_7.c,
060CE010,52,0,1,between files,end_6.c / end_7.c,
060CE088,54,0,1,between files,end_6.c / end_7.c,
060CE256,132,4,1,between files,end_7.c / end_8.c,
060CE30C,202,14,0,between files,end_7.c / end_8.c,
060CE3D6,52,0,1,between files,end_7.c / end_8.c,
060CE614,68,1,1,between files,end_8.c / end_10.c,
060CE688,210,14,0,between files,end_8.c / end_10.c,
060CE75A,60,0,1,between files,end_8.c / end_10.c,
060CE7D8,172,9,0,between files,end_8.c / end_10.c,
060CE884,238,2,0,between files,end_8.c / end_10.c,
060CE972,84,2,1,between files,end_8.c / end_10.c,
060CEA00,228,17,0,between files,end_8.c / end_10.c,
060CEB1C,60,0,1,between files,end_8.c / end_10.c,
060CEEFA,60,0,1,inside the code of one PS2 file,end_10.c,
060CF01E,60,0,1,inside the code of one PS2 file,end_10.c,
060CF144,60,0,1,inside the code of one PS2 file,end_10.c,
060CF2D8,84,2,1,between files,end_10.c / end_17.c,
060CF45C,66,0,1,between files,end_17.c / end_11.c,
060CF930,132,4,1,between files,end_11.c / end_12.c,
060CF9C8,218,15,0,between files,end_11.c / end_12.c,
060CFAA2,64,0,1,between files,end_11.c / end_12.c,
060CFBCE,94,1,2,inside the code of one PS2 file,end_12.c,
060D000A,164,6,1,between files,end_12.c / end_13.c,
060D00CC,244,17,0,between files,end_12.c / end_13.c,
060D01F8,68,0,1,between files,end_12.c / end_13.c,
060D023C,166,5,0,between files,end_12.c / end_13.c,
060D02E2,144,2,0,between files,end_12.c / end_13.c,
060D06AE,102,1,0,inside the code of one PS2 file,end_13.c,
060D0714,68,0,1,inside the code of one PS2 file,end_13.c,
060D07C0,84,2,1,between files,end_13.c / end_14.c,
060D0824,220,16,0,between files,end_13.c / end_14.c,
060D0900,68,0,1,between files,end_13.c / end_14.c,
060D0B8E,142,1,1,inside the code of one PS2 file,end_14.c,
060D18F4,202,7,1,between files,end_14.c / end_17.c,
060D19E8,204,14,0,between files,end_14.c / end_17.c,
060D1AB4,60,0,1,between files,end_14.c / end_17.c,
060D1AF0,204,2,0,between files,end_14.c / end_17.c,
060D1BBC,138,2,0,between files,end_14.c / end_17.c,
060D1C78,178,3,0,between files,end_14.c / end_17.c,
060D1D2A,544,5,0,between files,end_14.c / end_17.c,
060D1DD4,190,3,0,between files,end_14.c / end_17.c,
060D1EBC,68,1,1,between files,end_14.c / end_17.c,
060D1F60,220,16,0,between files,end_14.c / end_17.c,
060D2070,64,0,1,between files,end_14.c / end_17.c,
060D20B0,1394,10,0,between files,end_14.c / end_17.c,
060D21E2,216,8,0,between files,end_14.c / end_17.c,
060D22F0,288,3,0,between files,end_14.c / end_17.c,
060D2410,64,0,1,between files,end_14.c / end_17.c,
060D251E,64,0,1,between files,end_17.c / end_18.c,
060D257C,84,2,1,between files,end_17.c / end_18.c,
060D2634,218,15,0,between files,end_17.c / end_18.c,
060D2748,80,0,1,between files,end_17.c / end_18.c,
060D2BBC,100,3,1,between files,end_18.c / end_20.c,
060D2C54,212,14,0,between files,end_18.c / end_20.c,
060D2D28,60,0,1,between files,end_18.c / end_20.c,
060D2DA8,216,6,0,between files,end_18.c / end_20.c,
060D2E80,254,10,0,between files,end_18.c / end_20.c,
060D2F7E,84,2,1,between files,end_18.c / end_20.c,
060D3010,402,19,0,between files,end_18.c / end_20.c,
060D31A2,60,0,1,between files,end_18.c / end_20.c,
060D387C,122,4,1,between files,end_20.c / eff08.c,
060D3928,30,1,1,between files,end_20.c / eff08.c,
060D3946,28,2,1,between files,end_20.c / eff08.c,
060D3962,428,2,0,between files,end_20.c / eff08.c,
060D3B0E,520,4,1,between files,end_20.c / eff08.c,NO CARD | WIN THE CARD
060D3D30,44,1,0,between files,end_20.c / eff08.c,
060D3D5C,64,4,0,between files,end_20.c / eff08.c,
060D3D9C,130,12,1,hardware access,end_20.c / eff08.c,NO CD-ROM DRIVE | NO CD-ROM
060D3E84,44,0,1,between files,end_20.c / eff08.c,
060D3EB0,58,1,1,between files,end_20.c / eff08.c,
060D3EEA,1338,16,0,between files,end_20.c / eff08.c,
060D444E,180,15,0,between files,end_20.c / eff08.c,
060D4502,44,5,0,between files,end_20.c / eff08.c,
060D45DA,180,15,0,between files,end_20.c / eff08.c,
060D468E,44,5,0,between files,end_20.c / eff08.c,
060D4766,180,15,0,between files,end_20.c / eff08.c,
060D481A,44,5,0,between files,end_20.c / eff08.c,
060D48F2,180,15,0,between files,end_20.c / eff08.c,
060D49A6,44,5,0,between files,end_20.c / eff08.c,
060D4A7E,180,15,0,between files,end_20.c / eff08.c,
060D4B32,44,5,0,between files,end_20.c / eff08.c,
060D4C0A,32,2,0,between files,end_20.c / eff08.c,
060D4C2A,6,1,0,stub (8 bytes or less),end_20.c / eff08.c,
060D4C30,4,0,0,stub (8 bytes or less),end_20.c / eff08.c,
060D4C72,180,15,0,between files,end_20.c / eff08.c,
060D4D26,44,5,0,between files,end_20.c / eff08.c,
060D4DD8,26,1,2,between files,end_20.c / eff08.c,
060D4DF2,50,1,55,between files,end_20.c / eff08.c,
060D4E24,50,1,4,between files,end_20.c / eff08.c,
060D4E56,72,1,2,between files,end_20.c / eff08.c,
060D4E9E,72,1,1,between files,end_20.c / eff08.c,
060D4EE6,68,1,0,between files,end_20.c / eff08.c,
060D4F4C,68,1,1,between files,end_20.c / eff08.c,
060D4F90,4,0,2,stub (8 bytes or less),end_20.c / eff08.c,
060D4F94,28,1,0,between files,end_20.c / eff08.c,COLOR DMA ERROR
060D4FB0,278,5,7,between files,end_20.c / eff08.c,
060D50C6,112,2,1,between files,end_20.c / eff08.c,
060D514C,130,1,0,between files,end_20.c / eff08.c,
060D51CE,64,1,3,between files,end_20.c / eff08.c,
060D520E,74,1,0,between files,end_20.c / eff08.c,
060D5258,74,2,1,between files,end_20.c / eff08.c,
060D52E0,48,1,0,between files,end_20.c / eff08.c,
060D531C,42,0,15,between files,end_20.c / eff08.c,
060D5346,48,0,2,between files,end_20.c / eff08.c,
060D5376,50,0,1,between files,end_20.c / eff08.c,
060D53A8,158,0,2,hardware access,end_20.c / eff08.c,
060D545C,176,0,1,hardware access,end_20.c / eff08.c,
060D550C,132,1,3,between files,end_20.c / eff08.c,
060D55A4,144,1,0,between files,end_20.c / eff08.c,
060D5634,130,1,1,between files,end_20.c / eff08.c,
060D56BC,150,1,1,between files,end_20.c / eff08.c,
060D5752,120,1,0,between files,end_20.c / eff08.c,
060D57CA,124,1,4,between files,end_20.c / eff08.c,
060D5846,150,0,2,hardware access,end_20.c / eff08.c,
060D58DC,42,0,5,between files,end_20.c / eff08.c,
060D591C,174,0,0,between files,end_20.c / eff08.c,
060D59CA,70,4,1,hardware access,end_20.c / eff08.c,
060D5A38,118,2,2,hardware access,end_20.c / eff08.c,
060D5AAE,62,1,10,hardware access,end_20.c / eff08.c,
060D5AEC,124,0,0,hardware access,end_20.c / eff08.c,
060D5B88,232,0,3,hardware access,end_20.c / eff08.c,
060D5C8C,198,0,7,hardware access,end_20.c / eff08.c,
060D5E18,44,0,29,hardware access,eff08.c / PulPul.c,
060D5E44,58,2,3,between files,eff08.c / PulPul.c,
060D5E7E,124,6,1,between files,eff08.c / PulPul.c,
060D5EFA,54,1,0,between files,eff08.c / PulPul.c,
060D5F3C,76,1,0,between files,eff08.c / PulPul.c,
060D5F88,98,1,0,between files,eff08.c / PulPul.c,
060D5FEA,28,0,1,hardware access,eff08.c / PulPul.c,
060D6018,232,3,1,hardware access,eff08.c / PulPul.c,
060D6124,84,3,1,between files,eff08.c / PulPul.c,
060D6178,112,2,2,hardware access,eff08.c / PulPul.c,
060D61E8,150,1,1,between files,eff08.c / PulPul.c,
060D627E,124,1,1,between files,eff08.c / PulPul.c,
060D62FA,48,1,0,hardware access,eff08.c / PulPul.c,
060D632A,108,0,21,hardware access,eff08.c / PulPul.c,
060D63B4,126,0,1,hardware access,eff08.c / PulPul.c,
060D6432,10,1,1,between files,eff08.c / PulPul.c,
060D643C,70,2,4,hardware access,eff08.c / PulPul.c,
060D6482,200,4,3,hardware access,eff08.c / PulPul.c,
060D661C,170,4,4,hardware access,eff08.c / PulPul.c,
060D66C6,46,2,2,hardware access,eff08.c / PulPul.c,
060D6730,54,1,2,hardware access,eff08.c / PulPul.c,
060D6766,60,1,2,hardware access,eff08.c / PulPul.c,
060D67A2,92,5,4,between files,eff08.c / PulPul.c,
060D67FE,38,1,1,between files,eff08.c / PulPul.c,
060D6850,128,3,2,hardware access,eff08.c / PulPul.c,
060D68D0,82,2,0,between files,eff08.c / PulPul.c,
060D6922,104,4,0,between files,eff08.c / PulPul.c,
060D698A,54,0,1,between files,eff08.c / PulPul.c,
060D69FC,54,1,4,hardware access,eff08.c / PulPul.c,
060D6A32,80,2,1,hardware access,eff08.c / PulPul.c,
060D6A82,248,5,1,between files,eff08.c / PulPul.c,
060D6B7A,110,4,1,between files,eff08.c / PulPul.c,
060D6BE8,90,4,1,between files,eff08.c / PulPul.c,
060D6C74,78,3,0,between files,eff08.c / PulPul.c,
060D6CC2,318,12,1,between files,eff08.c / PulPul.c,
060D6E00,52,2,1,between files,eff08.c / PulPul.c,
060D6E34,98,3,1,hardware access,eff08.c / PulPul.c,
060D6ED4,178,4,1,between files,eff08.c / PulPul.c,
060D6F86,200,9,1,between files,eff08.c / PulPul.c,
060D7070,484,17,1,between files,eff08.c / PulPul.c,
060D7254,114,0,1,hardware access,eff08.c / PulPul.c,
060D72C6,86,0,1,hardware access,eff08.c / PulPul.c,
060D7340,86,6,1,between files,eff08.c / PulPul.c,
060D73A8,322,16,1,hardware access,PulPul.c / count.c,
060D7500,274,6,0,between files,PulPul.c / count.c,
060D7628,108,2,10,between files,PulPul.c / count.c,
060D7694,66,2,1,between files,PulPul.c / count.c,
060D76D6,654,3,1,between files,PulPul.c / count.c,
060D7AF0,106,3,9,between files,PulPul.c / count.c,
060D7B5A,84,3,2,between files,PulPul.c / count.c,
060D7CB8,76,1,1,between files,PulPul.c / count.c,
060D7D74,78,3,1,between files,PulPul.c / count.c,
060D7DC2,54,3,0,between files,PulPul.c / count.c,
060D7F34,586,9,2,between files,count.c / cmb_win.c,
060D817E,728,13,1,between files,count.c / cmb_win.c,
060D8456,90,4,2,between files,count.c / cmb_win.c,
060D84E8,708,5,1,between files,count.c / cmb_win.c,
060D87AC,286,8,1,between files,count.c / cmb_win.c,
060D88CA,50,0,1,between files,count.c / cmb_win.c,
060D88FC,122,2,1,between files,count.c / cmb_win.c,
060D89A8,274,8,1,between files,count.c / cmb_win.c,
060D8AC8,1144,28,1,between files,count.c / cmb_win.c,
060D8F40,152,0,1,between files,count.c / cmb_win.c,
060D9028,394,5,2,between files,count.c / cmb_win.c,
060D91B2,266,11,3,between files,count.c / cmb_win.c,
060D92BC,302,2,6,between files,count.c / cmb_win.c,
060D93EA,58,1,1,between files,count.c / cmb_win.c,
060D9424,128,0,1,between files,count.c / cmb_win.c,
060D94BC,86,2,1,between files,count.c / cmb_win.c,
060D9512,80,5,1,between files,count.c / cmb_win.c,
060D9562,318,12,5,between files,count.c / cmb_win.c,
060D96B4,240,4,4,between files,count.c / cmb_win.c,
060D97A4,50,0,3,between files,count.c / cmb_win.c,
060D97D6,24,1,1,between files,count.c / cmb_win.c,
060D97EE,216,0,1,hardware access,count.c / cmb_win.c,
060D9900,258,1,0,hardware access,count.c / cmb_win.c,
060D9A20,212,0,1,between files,count.c / cmb_win.c,
060D9AF4,466,1,4,between files,count.c / cmb_win.c,
060D9CD4,168,6,1,between files,count.c / cmb_win.c,
060D9D7C,42,2,1,between files,count.c / cmb_win.c,
060D9DA6,482,4,1,between files,count.c / cmb_win.c,
060D9F88,176,2,1,between files,count.c / cmb_win.c,
060DA050,286,1,2,between files,count.c / cmb_win.c,
060DA190,134,3,1,between files,count.c / cmb_win.c,
060DA216,74,2,2,between files,count.c / cmb_win.c,
060DA26C,190,9,10,between files,count.c / cmb_win.c,
060DA32A,240,11,1,between files,count.c / cmb_win.c,
060DA41A,374,11,1,between files,count.c / cmb_win.c,
060DA5B0,120,4,1,between files,count.c / cmb_win.c,
060DA66A,80,2,1,between files,cmb_win.c / EFFECT.c,
060DA6E8,50,0,1,between files,cmb_win.c / EFFECT.c,
060DA71A,44,0,1,between files,cmb_win.c / EFFECT.c,
060DA746,116,2,1,between files,cmb_win.c / EFFECT.c,
060DA7BA,32,0,1,between files,cmb_win.c / EFFECT.c,
060DA814,64,1,1,between files,cmb_win.c / EFFECT.c,
060DA854,154,3,1,between files,cmb_win.c / EFFECT.c,
060DA902,84,0,1,between files,cmb_win.c / EFFECT.c,
060DA956,64,0,1,between files,cmb_win.c / EFFECT.c,
060DA9A8,456,0,1,between files,cmb_win.c / EFFECT.c,
060DAB70,74,0,2,hardware access,cmb_win.c / EFFECT.c,
060DABBA,692,6,5,between files,cmb_win.c / EFFECT.c,
060DAE6E,1608,13,1,between files,cmb_win.c / EFFECT.c,
060DB5E8,40,2,13,inside the code of one PS2 file,EFFECT.c,
060DB638,146,4,4,inside the code of one PS2 file,EFFECT.c,
060DB7EC,142,1,0,inside the code of one PS2 file,EFFECT.c,
060DBA44,6,0,0,stub (8 bytes or less),EFFECT.c,
060DBA98,72,0,0,inside the code of one PS2 file,EFFECT.c,
060DBD66,8,0,0,stub (8 bytes or less),EFFECT.c / Pause.c,
060DBD6E,8,0,0,stub (8 bytes or less),EFFECT.c / Pause.c,
060DBD76,6,0,0,stub (8 bytes or less),EFFECT.c / Pause.c,
060DBD7C,12,0,0,between files,EFFECT.c / Pause.c,
060DBD88,10,0,0,between files,EFFECT.c / Pause.c,
060DBD92,6,0,0,stub (8 bytes or less),EFFECT.c / Pause.c,
060DBD98,78,0,0,between files,EFFECT.c / Pause.c,
060DBDE6,4,0,0,stub (8 bytes or less),EFFECT.c / Pause.c,
060DBDEA,8,0,0,stub (8 bytes or less),EFFECT.c / Pause.c,
060DBDF2,8,0,0,stub (8 bytes or less),EFFECT.c / Pause.c,
060DBE06,6,0,0,stub (8 bytes or less),Pause.c / EFF00.c,
060DBE0C,8,0,0,stub (8 bytes or less),Pause.c / EFF00.c,
060DBFAA,284,0,1,between files,EFF00.c / EFF01.c,
060DC0CC,708,0,1,between files,EFF00.c / EFF01.c,
060DC390,120,1,2,between files,EFF00.c / EFF01.c,
060DC804,118,1,2,between files,EFF01.c / EFF02.c,
060DD3B4,74,1,0,between files,EFF04.c / eff05.c,
060DD486,256,2,16,between files,eff05.c / eff06.c,
060DD7A4,162,1,1,between files,EFF07.c / eff08.c,
060DDBF0,110,2,1,between files,eff08.c / EFF09.c,
060DDC5E,104,3,1,between files,eff08.c / EFF09.c,
060DE2C4,346,0,1,inside the code of one PS2 file,EFF09.c,
060E0374,236,2,0,between files,EFF09.c / EFF10.c,
060E0460,440,2,1,between files,EFF09.c / EFF10.c,
060E06C4,332,5,1,between files,EFF10.c / EFF11.c,
060E0810,128,1,1,between files,EFF10.c / EFF11.c,
060E0890,218,2,0,between files,EFF10.c / EFF11.c,
060E0E0E,282,1,0,inside the code of one PS2 file,EFF11.c,
060E10AE,254,1,6,between files,eff12.c / EFF13.c,
060E3896,310,2,1,between files,EFF13.c / eff14.c,
060E3A00,66,1,4,between files,EFF13.c / eff14.c,
060E4090,164,2,1,between files,EFF15.c / EFF16.c,
060E4340,238,2,1,between files,EFF16.c / EFF17.c,
060E442E,222,1,2,between files,EFF16.c / EFF17.c,
060E469A,176,1,1,between files,EFF17.c / EFF18.c,
060E4804,360,8,0,between files,EFF18.c / EFF19.c,
060E497C,146,5,0,between files,EFF18.c / EFF19.c,
060E4D90,172,2,1,between files,EFF19.c / eff20.c,
060E4F4E,232,1,1,between files,eff20.c / EFF21.c,
060E5132,8,0,0,stub (8 bytes or less),EFF21.c / EFF22.c,
060E513A,324,2,1,between files,EFF21.c / EFF22.c,
060E53FC,138,1,1,between files,EFF22.c / EFF23.c,
060E563A,92,3,1,between files,EFF23.c / EFF24.c,
060E5772,6,0,0,stub (8 bytes or less),EFF24.c / EFF25.c,
060E5778,758,12,1,between files,EFF24.c / EFF25.c,
060E591C,88,1,1,between files,EFF24.c / EFF25.c,
060E5A6E,262,2,1,between files,EFF24.c / EFF25.c,
060E5C1E,964,6,0,inside the code of one PS2 file,EFF25.c,
060E5DD4,526,4,0,inside the code of one PS2 file,EFF25.c,
060E6028,224,3,1,between files,EFF25.c / EFF26.c,
060E6834,280,3,1,between files,EFF26.c / EFF27.c,
060E7170,276,2,1,between files,EFF28.c / EFF29.c,
060E736C,192,2,1,between files,EFF29.c / EFF30.c,
060E7616,294,2,1,between files,EFF30.c / EFF31.c,
060E7936,298,2,1,between files,EFF31.c / EFF32.c,
060E7C5A,300,2,1,between files,EFF32.c / EFF33.c,
060E7F5E,266,2,1,between files,EFF33.c / EFF34.c,
060E8274,292,2,0,between files,EFF34.c / eff35.c,
060E9448,112,1,1,between files,EFF37.c / EFF38.c,
060EAC38,146,1,0,between files,EFF40.c / EFF41.c,
060EAE8E,136,1,0,between files,EFF41.c / EFF42.c,
060EAF3C,230,1,0,between files,EFF41.c / EFF42.c,
060EB022,102,2,2,between files,EFF41.c / EFF42.c,
060EB088,126,2,0,between files,EFF41.c / EFF42.c,
060EB6F4,78,0,1,between files,EFF42.c / Eff43.c,
060EB742,30,0,0,between files,EFF42.c / Eff43.c,
060EB982,264,2,10,between files,EFF44.c / EFF45.c,
060EBB1E,86,2,1,between files,EFF45.c / EFF29.c,
060EBEA4,264,2,1,between files,EFF46.c / EFF47.c,
060EC08A,282,1,0,between files,EFF47.c / EFF48.c,
060EC39A,4,0,0,stub (8 bytes or less),EFF48.c,
060EC39E,4,0,0,stub (8 bytes or less),EFF48.c,
060EC3A2,4,0,0,stub (8 bytes or less),EFF48.c,
060EC926,18,1,0,between files,Eff50.c / Eff51.c,
060EC938,390,2,2,between files,Eff50.c / Eff51.c,
060ECD58,204,1,0,between files,Eff51.c / Eff52.c,
060ECE24,270,0,2,between files,Eff51.c / Eff52.c,
060ED862,124,2,1,between files,EFF55.c / EFF57.c,
060ED908,78,1,0,between files,EFF55.c / EFF57.c,
060EDA56,146,1,0,between files,EFF58.c / EFF92.c,
060EDC3E,2308,4,1,between files,EFF92.c / EFF58.c,
060EE542,90,4,0,between files,EFF58.c / Eff59.c,
060EE59C,88,2,0,between files,EFF58.c / Eff59.c,
060EE7A6,62,1,1,inside the code of one PS2 file,Eff59.c,
060EE7E4,278,1,3,inside the code of one PS2 file,Eff59.c,
060EEA50,226,2,2,between files,EFF60.c / EFF61.c,
060EEB50,638,7,0,between files,EFF60.c / EFF61.c,
060EEDCE,4,0,0,stub (8 bytes or less),EFF60.c / EFF61.c,
060EF242,954,6,0,between files,EFF64.c / EFF65.c,
060EF2C0,828,7,0,between files,EFF64.c / EFF65.c,
060EF356,678,8,0,between files,EFF64.c / EFF65.c,
060EF436,454,5,0,between files,EFF64.c / EFF65.c,
060EF504,222,2,4,between files,EFF64.c / EFF65.c,
060EF5FC,50,0,3,between files,EFF64.c / EFF65.c,
060EF66C,82,1,0,between files,EFF64.c / EFF65.c,
060EF6D4,50,1,0,between files,EFF65.c / EFF66.c,
060EF7C6,216,6,0,between files,EFF66.c / EFF67.c,
060EF89E,4,0,0,stub (8 bytes or less),EFF66.c / EFF67.c,
060EF8A2,4,0,0,stub (8 bytes or less),EFF66.c / EFF67.c,
060EF8A6,210,6,0,between files,EFF66.c / EFF67.c,
060EF998,188,2,0,between files,EFF66.c / EFF67.c,
060EFD6E,1292,1,10,between files,EFF67.c / EFF68.c,
060F0000,634,0,0,between files,EFF67.c / EFF68.c,
060F0552,24,1,1,inside the code of one PS2 file,EFF68.c,
060F09A6,72,2,0,inside the code of one PS2 file,EFF69.c,
060F0E6E,78,1,1,between files,EFF71.c / EFF72.c,
060F1212,358,4,0,between files,eff73.c / EFF74.c,
060F1516,164,1,1,between files,EFF74.c / EFF75.c,
060F15E4,110,2,1,between files,EFF74.c / EFF75.c,
060F1652,128,5,1,between files,EFF74.c / EFF75.c,
060F1886,72,2,0,inside the code of one PS2 file,EFF75.c,
060F1E74,128,3,16,inside the code of one PS2 file,Eff76.c,
060F1F18,1876,0,1,inside the code of one PS2 file,Eff76.c,
060F2684,768,0,1,inside the code of one PS2 file,Eff76.c,
060F29A6,4,0,0,stub (8 bytes or less),Eff76.c,
060F29D0,26,0,0,inside the code of one PS2 file,Eff76.c,
060F29EA,24,0,1,inside the code of one PS2 file,Eff76.c,
060F2D74,152,7,0,between files,Pause.c / EFF78.c,
060F40F8,474,2,1,between files,Eff79.c / Eff80.c,
060F42EC,640,1,1,between files,Eff79.c / Eff80.c,
060F456C,74,4,1,between files,Eff79.c / Eff80.c,
060F4614,72,0,0,between files,Eff79.c / Eff80.c,
060F465C,38,0,0,between files,Eff79.c / Eff80.c,
060F4682,106,0,0,between files,Eff79.c / Eff80.c,
060F4A8A,124,2,1,between files,Eff81.c / EFF82.c,
060F4CE8,298,2,1,between files,EFF82.c / EFF83.c,
060F4FCA,300,2,1,between files,EFF83.c / EFF84.c,
060F52E0,140,1,1,inside the code of one PS2 file,EFF84.c,
060F58C8,126,1,1,between files,EFF85.c / EFF86.c,
060F5C0C,242,2,0,between files,EFF87.c / EFF90.c,
060F5D24,176,7,0,between files,EFF87.c / EFF90.c,
060F5E00,236,2,0,between files,EFF87.c / EFF90.c,
060F5F14,232,3,0,between files,EFF87.c / EFF90.c,
060F5FFC,128,0,1,hardware access,EFF87.c / EFF90.c,
060F607C,142,1,6,between files,EFF87.c / EFF90.c,
060F61FC,4,0,0,stub (8 bytes or less),EFF90.c / eff91.c,
060F62CE,142,0,1,hardware access,eff91.c / EFF92.c,
060F6380,138,1,0,between files,eff91.c / EFF92.c,
060F6424,178,2,0,between files,eff91.c / EFF92.c,
060F69FA,84,1,1,between files,Eff93.c / eff94.c,
060F7CAC,192,1,1,between files,EFF98.c / Eff99.c,
060F7D88,160,3,0,between files,EFF98.c / Eff99.c,
060F7F1C,722,21,0,between files,EFF98.c / Eff99.c,
060F839C,278,7,0,between files,EFF98.c / Eff99.c,
060F84D0,166,2,0,between files,EFF98.c / Eff99.c,
060F860E,72,2,1,between files,Eff99.c / EFFA0.c,
060F872E,70,1,1,between files,EFFA0.c / EFFA1.c,
060F8774,200,1,1,between files,EFFA0.c / EFFA1.c,
060F883C,170,1,0,between files,EFFA0.c / EFFA1.c,
060F8974,104,1,0,between files,EFFA1.c / EFFA5.c,
060F8B7C,36,0,0,between files,EFFA5.c / EFFA6.c,
060F8BA0,36,0,0,between files,EFFA5.c / EFFA6.c,
060F9068,204,2,0,between files,EFFA6.c / EFFA7.c,
060F9134,66,0,1,between files,EFFA6.c / EFFA7.c,
060F9660,54,1,0,between files,EFFA8.c / EffA9.c,
060F9944,134,1,1,between files,EffA9.c / EFFB0.c,
060F9E2C,140,0,1,inside the code of one PS2 file,EFFB1.c,
060F9F54,314,1,1,between files,EFFB1.c / effb2.c,
060FA4C6,4,0,0,stub (8 bytes or less),effb2.c / effb3.c,
060FA59A,44,0,0,between files,effb3.c / EFFB4.c,
060FA894,192,2,1,between files,effb3.c / EFFB4.c,
060FAEBC,212,1,1,between files,EFFB5.c / EFFB6.c,
060FB2EE,144,2,1,between files,EFFB6.c / EFFB7.c,
060FB404,294,1,1,between files,EFFB7.c / EFFB8.c,
060FBA02,528,6,2,between files,EFFB8.c / effb9.c,
060FBC12,166,0,2,between files,EFFB8.c / effb9.c,
060FBCB8,84,2,1,between files,EFFB8.c / effb9.c,
060FBDF4,294,1,1,between files,effb9.c / EFFC0.c,
060FC114,116,1,0,between files,EFFC0.c / EFFC1.c,
060FC380,234,2,1,between files,EFFC1.c / EFFC2.c,
060FD2A2,10,0,0,inside the code of one PS2 file,EFFC2.c,
060FD2AC,16,0,0,inside the code of one PS2 file,EFFC2.c,
060FD400,238,6,0,inside the code of one PS2 file,EFFC2.c,
060FD6C0,82,1,0,inside the code of one PS2 file,EFFC2.c,
060FD712,22,0,0,inside the code of one PS2 file,EFFC2.c,
060FDC36,100,1,1,between files,EFFC3.c / EFFC4.c,
060FDE6C,162,1,0,between files,EFFC4.c / EFFC5.c,
060FE1DC,424,4,1,between files,EFFC5.c / EFFC6.c,
060FE4E2,132,2,1,between files,EFFC6.c / EFFC7.c,
060FE566,6,0,0,stub (8 bytes or less),EFFC6.c / EFFC7.c,
060FE70C,6,1,0,stub (8 bytes or less),EFFC7.c / EFFC8.c,
060FE712,134,1,0,between files,EFFC7.c / EFFC8.c,
060FEE3E,142,1,1,between files,EFFC9.c / EFFD0.c,
060FEECC,224,0,1,between files,EFFC9.c / EFFD0.c,
060FF200,164,1,0,between files,EFFD0.c / EFFD1.c,
060FF52C,32,1,0,between files,EFFD1.c / effd3.c,
060FF54C,158,1,0,between files,EFFD1.c / effd3.c,
060FF642,240,3,0,inside the code of one PS2 file,effd3.c,
060FF758,266,4,0,inside the code of one PS2 file,effd3.c,
060FF862,204,2,1,inside the code of one PS2 file,effd3.c,
060FF92E,482,0,1,inside the code of one PS2 file,effd3.c,
060FFB28,1366,38,0,inside the code of one PS2 file,effd3.c,
061003E0,266,3,0,between files,EFFD4.c / EFFD5.c,
061019AA,60,0,2,between files,EffD8.c / EFFD9.c,
061019E6,30,0,2,between files,EffD8.c / EFFD9.c,
0610248A,336,1,1,between files,effe3.c / EFFE2.c,
06102AA8,4,0,0,stub (8 bytes or less),EFFE4.c / EFFE5.c,
06102AAC,4,0,0,stub (8 bytes or less),EFFE4.c / EFFE5.c,
06102AE8,4,0,0,stub (8 bytes or less),EFFE4.c / EFFE5.c,
06102AEC,4,0,0,stub (8 bytes or less),EFFE4.c / EFFE5.c,
06102FD0,174,0,2,between files,EFFE5.c / effe6.c,
0610308E,240,2,2,between files,EFFE5.c / effe6.c,
0610317E,78,0,0,between files,EFFE5.c / effe6.c,
061031F4,36,0,0,between files,EFFE5.c / effe6.c,
06104A38,142,0,1,between files,EFFE7.c / effe9.c,
06104AF0,92,2,1,between files,EFFE7.c / effe9.c,
06104C58,500,1,1,between files,effe9.c / efff0.c,
06104E6E,114,3,1,between files,effe9.c / efff0.c,
06104FAE,184,1,1,between files,efff0.c / EFFF2.c,
0610507C,664,16,0,between files,efff0.c / EFFF2.c,
06105338,126,3,1,between files,efff0.c / EFFF2.c,
061053B6,276,2,1,between files,efff0.c / EFFF2.c,
061054CA,78,3,0,between files,efff0.c / EFFF2.c,
06105518,6,0,0,stub (8 bytes or less),efff0.c / EFFF2.c,
06105540,426,2,0,between files,efff0.c / EFFF2.c,
061056EA,106,0,1,between files,efff0.c / EFFF2.c,
06105754,4,0,1,stub (8 bytes or less),efff0.c / EFFF2.c,
061059DC,214,2,0,between files,EFFF2.c / EFFF4.c,
06105AEC,106,2,0,between files,EFFF2.c / EFFF4.c,
06105B56,92,0,1,between files,EFFF2.c / EFFF4.c,
06105D5A,4,0,0,stub (8 bytes or less),EFFF4.c / efff5.c,
06105D5E,4,0,0,stub (8 bytes or less),EFFF4.c / efff5.c,
061069D2,78,2,1,inside the code of one PS2 file,efff6.c,
06106B58,586,12,0,between files,efff6.c / EFFF8.c,
06106DE0,142,5,0,between files,efff6.c / EFFF8.c,
06107024,134,1,0,between files,EFFF8.c / EFFF9.c,
0610740C,126,2,1,inside the code of one PS2 file,EFFF9.c,
061074CC,96,3,0,inside the code of one PS2 file,EFFF9.c,
0610752C,80,0,2,inside the code of one PS2 file,EFFF9.c,
0610763E,142,2,0,between files,EFFF9.c / EffG0.c,
06107718,52,1,0,between files,EFFF9.c / EffG0.c,
0610774C,134,2,1,between files,EFFF9.c / EffG0.c,
06107A46,294,2,2,between files,EffG0.c / EFFG3.c,
06107B84,388,2,1,between files,EffG0.c / EFFG3.c,
06107CC6,66,1,1,between files,EffG0.c / EFFG3.c,
06107D20,4,0,0,stub (8 bytes or less),EffG0.c / EFFG3.c,
06107D24,4,0,2,stub (8 bytes or less),EffG0.c / EFFG3.c,
06107D28,4,0,0,stub (8 bytes or less),EffG0.c / EFFG3.c,
06107D2C,4,0,0,stub (8 bytes or less),EffG0.c / EFFG3.c,
06107E6C,120,1,1,between files,EFFG3.c / EFFG4.c,
06108064,182,1,0,between files,EFFG4.c / EFFG5.c,
06108282,138,1,1,between files,EFFG5.c / EFFG6.c,
0610830C,164,3,0,between files,EFFG5.c / EFFG6.c,
061087AA,114,1,0,between files,EFFG7.c / effg8.c,
06108A10,138,1,1,between files,effg8.c / EFFG9.c,
06108DE8,158,1,1,between files,EFFH0.c / EFFH1.c,
0610928C,94,4,0,between files,EFFH2.c / EFFH6.c,
0610941C,370,8,0,between files,EFFH2.c / EFFH6.c,
0610958E,4,0,0,stub (8 bytes or less),EFFH2.c / EFFH6.c,
0610959C,62,0,0,between files,EFFH2.c / EFFH6.c,
061095DA,90,5,0,between files,EFFH2.c / EFFH6.c,
06109634,90,5,0,between files,EFFH2.c / EFFH6.c,
0610968E,110,5,0,between files,EFFH2.c / EFFH6.c,
061096FC,340,14,0,between files,EFFH2.c / EFFH6.c,
06109850,326,13,0,between files,EFFH2.c / EFFH6.c,
06109996,46,1,5,between files,EFFH2.c / EFFH6.c,
06109A04,136,1,0,between files,EFFH2.c / EFFH6.c,
06109AA4,44,0,0,between files,EFFH2.c / EFFH6.c,
06109FA2,1026,1,1,between files,EFFH6.c / EFFH9.c,
0610A3B0,734,7,0,between files,EFFH6.c / EFFH9.c,
0610A68E,158,1,0,between files,EFFH6.c / EFFH9.c,
0610A764,760,10,0,between files,EFFH6.c / EFFH9.c,
0610A8EA,332,6,1,between files,EFFH6.c / EFFH9.c,
0610AA5C,214,1,0,between files,EFFH6.c / EFFH9.c,
0610AC78,42,2,1,between files,EFFH9.c / EFFI0.c,
0610ACA2,236,1,1,between files,EFFH9.c / EFFI0.c,
0610AF28,190,1,1,between files,EFFI0.c / Pause.c,
0610B0F4,4,0,0,stub (8 bytes or less),Pause.c / EFFI3.c,
0610B0F8,4,0,0,stub (8 bytes or less),Pause.c / EFFI3.c,
0610B0FC,60,1,0,between files,Pause.c / EFFI3.c,
0610B138,138,4,0,between files,Pause.c / EFFI3.c,
0610B426,428,10,1,between files,EFFI4.c / effi6.c,
0610B5D2,132,2,1,between files,EFFI4.c / effi6.c,
0610B680,380,8,0,between files,EFFI4.c / effi6.c,
0610B7FC,136,1,0,between files,EFFI4.c / effi6.c,
0610BBE2,116,1,0,between files,EFFI7.c / EFFI8.c,
0610C438,176,1,1,between files,EFFI8.c / EFFI9.c,
0610C4E8,66,1,1,between files,EFFI8.c / EFFI9.c,
0610C9D8,4,0,0,stub (8 bytes or less),EFFJ0.c / EFFJ2.c,
0610C9DC,4,0,0,stub (8 bytes or less),EFFJ0.c / EFFJ2.c,
0610CB1C,136,1,1,between files,EFFJ2.c / EFF78.c,
0610CC4C,174,2,0,between files,EFF78.c / EFFJ4.c,
0610CE9C,100,1,1,between files,EFFJ4.c / effJ6.c,
0610CF00,66,2,0,between files,EFFJ4.c / effJ6.c,
0610CF42,94,1,1,between files,EFFJ4.c / effJ6.c,
0610CFDC,26,1,0,between files,EFFJ4.c / effJ6.c,
0610CFF8,286,6,0,between files,EFFJ4.c / effJ6.c,
0610D148,110,2,1,between files,EFFJ4.c / effJ6.c,
0610D1B6,92,3,1,between files,EFFJ4.c / effJ6.c,
0610D370,142,1,1,between files,effJ6.c / EFFJ7.c,
0610D638,80,0,1,inside the code of one PS2 file,EFFJ7.c,
0610E076,216,2,1,between files,EFFJ8.c / EFFJ9.c,
0610E358,164,2,0,between files,EFFJ9.c / EFFK2.c,
0610E3FC,50,1,0,between files,EFFJ9.c / EFFK2.c,
0610E454,564,12,0,between files,EFFJ9.c / EFFK2.c,
0610E6B0,234,1,0,between files,EFFJ9.c / EFFK2.c,
0610F87C,122,1,0,inside the code of one PS2 file,EFFK4.c,
061102CC,122,0,1,between files,EFFK5.c / EffK6.c,
06110346,110,1,2,between files,EFFK5.c / EffK6.c,
06110762,30,0,1,inside the code of one PS2 file,EffK6.c,
061114A2,164,1,0,between files,EFFK8.c / EFFK9.c,
06111640,166,1,0,between files,EFFK9.c / EFFL0.c,
06112C20,76,1,2,between files,EFFL1.c / effL2.c,
06112E52,320,1,1,between files,effL2.c / effL3.c,
06113448,318,1,1,between files,effL3.c / effL4.c,
06113626,150,1,1,between files,effL4.c / effL5.c,
06113B4A,512,3,1,between files,effl6.c / effL7.c,
06113FC8,452,3,0,between files,effL7.c / effl8.c,
061142DC,94,3,1,inside the code of one PS2 file,effl8.c,
06114518,292,1,1,between files,effL9.c / effM0.c,
06114FD0,300,2,1,between files,EFFM1.c / EFFM2.c,
06115422,176,1,1,between files,EFFM2.c / EffM3.c,
061157B0,228,2,0,between files,EffM3.c / effM5.c,
06115894,66,1,2,between files,EffM3.c / effM5.c,
06115B90,402,4,1,between files,effM5.c / effM6.c,
06115E54,132,2,1,between files,effM6.c / effM7.c,
06115ED8,6,0,0,stub (8 bytes or less),effM6.c / effM7.c,
061162BC,240,6,1,inside the code of one PS2 file,effM8.c,
06116B2E,318,9,0,inside the code of one PS2 file,PLCNT.c,
06116D38,160,7,2,inside the code of one PS2 file,PLCNT.c,
06117640,194,3,0,inside the code of one PS2 file,PLCNT.c,
06117702,192,1,0,inside the code of one PS2 file,PLCNT.c,
061177C2,4,0,0,stub (8 bytes or less),PLCNT.c,
06117F28,70,0,1,inside the code of one PS2 file,PLCNT.c,
06118014,416,4,0,inside the code of one PS2 file,PLCNT.c,
061181B4,14,3,0,inside the code of one PS2 file,PLCNT.c,
061181C2,44,5,2,inside the code of one PS2 file,PLCNT.c,
061181EE,56,4,0,inside the code of one PS2 file,PLCNT.c,
06118850,534,11,1,between files,PLCNT.c / PLCNT2.c,
06119124,252,0,2,between files,PLCNT2.c / PLCNT3.c,
06119234,538,11,1,between files,PLCNT2.c / PLCNT3.c,
061195E0,430,7,1,between files,PLCNT3.c / PLMAIN.c,
06119C96,180,1,2,inside the code of one PS2 file,PLMAIN.c,
06119EA4,398,0,1,inside the code of one PS2 file,PLMAIN.c,
0611A39A,4,0,0,stub (8 bytes or less),PLMAIN.c,
0611A39E,266,0,0,inside the code of one PS2 file,PLMAIN.c,
0611A5A4,386,4,1,between files,PLMAIN.c / PLMAIN2.c,
0611AB1A,20,0,0,inside the code of one PS2 file,PLS00.c,
0611B2D0,4,0,0,stub (8 bytes or less),PLS00.c,
0611B2D4,20,1,0,inside the code of one PS2 file,PLS00.c,
0611C226,4,1,0,stub (8 bytes or less),PLS00.c,
0611C580,66,4,0,inside the code of one PS2 file,PLS00.c,
0611C5C2,4,0,0,stub (8 bytes or less),PLS00.c,
0611C5CA,4,0,0,stub (8 bytes or less),PLS00.c,
0611D4C4,90,4,0,inside the code of one PS2 file,PLS01.c,
0611DA1C,132,2,1,inside the code of one PS2 file,PLS02.c,
0611DAD6,206,3,2,inside the code of one PS2 file,PLS02.c,
0611E382,20,0,0,inside the code of one PS2 file,PLS02.c,
0611EAE6,38,0,0,between files,PLS02.c / PLS03.c,
0611EB0C,64,1,1,between files,PLS02.c / PLS03.c,
06120374,4,0,0,stub (8 bytes or less),PLS03.c,
0612066E,112,1,0,inside the code of one PS2 file,PLS03.c,
0612072C,100,3,0,inside the code of one PS2 file,PLS03.c,
06120790,126,3,2,inside the code of one PS2 file,PLS03.c,
061208B0,158,3,0,inside the code of one PS2 file,PLS03.c,
0612094E,52,0,1,inside the code of one PS2 file,PLS03.c,
061210D2,10,0,0,inside the code of one PS2 file,PLS03.c,
06121212,46,0,0,inside the code of one PS2 file,PLS03.c,
06121BA8,104,6,0,inside the code of one PS2 file,PLPNM.c,
06121C10,130,6,0,inside the code of one PS2 file,PLPNM.c,
06121C92,60,2,0,inside the code of one PS2 file,PLPNM.c,
06121FB4,86,4,0,inside the code of one PS2 file,PLPNM.c,
0612200A,44,2,0,inside the code of one PS2 file,PLPNM.c,
06122036,10,1,0,inside the code of one PS2 file,PLPNM.c,
06122040,6,0,0,stub (8 bytes or less),PLPNM.c,
06122D40,192,4,0,between files,PLPNM.c / PLPDM.c,
061232B8,222,6,0,inside the code of one PS2 file,PLPDM.c,
06124748,54,1,0,inside the code of one PS2 file,PLPDM.c,
0612477E,4,0,0,stub (8 bytes or less),PLPDM.c,
061250B8,16,0,2,between files,PLPDM.c / PLPCA.c,
061250FC,52,0,1,between files,PLPDM.c / PLPCA.c,
0612513C,214,3,0,between files,PLPDM.c / PLPCA.c,
06125212,176,1,1,between files,PLPDM.c / PLPCA.c,
06125A9C,148,0,0,between files,PLPCA.c / PLPCU.c,
06125B30,4,0,0,stub (8 bytes or less),PLPCA.c / PLPCU.c,
06125B34,768,8,0,between files,PLPCA.c / PLPCU.c,
06125C50,484,8,0,between files,PLPCA.c / PLPCU.c,
06125D5E,4,0,0,stub (8 bytes or less),PLPCA.c / PLPCU.c,
06125E34,44,0,2,between files,PLPCA.c / PLPCU.c,
06126120,250,2,0,between files,PLPCU.c / PLPAT.c,
061277A8,230,7,0,inside the code of one PS2 file,PLPATUNI.c,
061278A8,328,12,0,inside the code of one PS2 file,PLPATUNI.c,
06128160,22,0,0,between files,PLPATUNI.c / PLPAT00.c,
06128634,22,0,0,between files,PLPAT00.c / PLPAT01.c,
0612885C,22,0,0,between files,PLPAT01.c / PLPAT02.c,
06128A0C,22,0,0,between files,PLPAT02.c / PLPAT03.c,
06128B10,22,0,0,between files,PLPAT03.c / PLPAT04.c,
06128BE4,22,0,0,between files,PLPAT04.c / PLPAT05.c,
06128CBC,22,0,0,between files,PLPAT05.c / PLPAT06.c,
06129018,22,0,0,between files,PLPAT06.c / PLPAT07.c,
06129260,238,9,0,inside the code of one PS2 file,PLPAT07.c,
061297DC,22,0,0,between files,PLPAT07.c / PLPAT08.c,
061299BC,22,0,0,between files,PLPAT08.c / PLPAT09.c,
0612A278,22,0,0,between files,PLPAT09.c / plpat10.c,
0612A37C,64,3,0,inside the code of one PS2 file,plpat10.c,
0612A3BC,210,2,0,inside the code of one PS2 file,plpat10.c,
0612A640,22,0,0,between files,plpat10.c / PLPAT11.c,
0612A718,22,0,0,between files,PLPAT11.c / PLPAT12.c,
0612A994,22,0,0,between files,PLPAT12.c / PLPAT13.c,
0612AAE8,220,7,0,inside the code of one PS2 file,PLPAT13.c,
0612ABC4,28,0,1,inside the code of one PS2 file,PLPAT13.c,
0612ACD0,22,0,0,between files,PLPAT13.c / plpat14.c,
0612B324,22,0,0,between files,plpat14.c / plpat16.c,
0612B45C,22,0,0,between files,plpat16.c / plpat17.c,
0612BA18,22,0,0,between files,plpat17.c / plpat18.c,
0612BC9C,22,0,0,between files,plpat18.c / plpat19.c,
0612C7AC,22,0,0,between files,plpat19.c / plpat20.c,
0612CCB8,806,5,1,between files,plpat20.c / BCD.c,
0612CFEC,128,3,1,between files,plpat20.c / BCD.c,
0612D06C,70,0,1,between files,plpat20.c / BCD.c,
0612D0B2,128,0,1,between files,plpat20.c / BCD.c,
0612D132,40,0,1,between files,plpat20.c / BCD.c,
0612D15C,134,2,1,between files,plpat20.c / BCD.c,
0612D1FC,164,0,1,hardware access,plpat20.c / BCD.c,
0612D2A0,100,0,1,hardware access,plpat20.c / BCD.c,
0612D304,88,0,1,hardware access,plpat20.c / BCD.c,
0612D378,158,0,1,hardware access,plpat20.c / BCD.c,
0612D428,170,0,117,compiler runtime (arithmetic helpers),plpat20.c / BCD.c,
0612D4DC,158,0,9,compiler runtime (arithmetic helpers),plpat20.c / BCD.c,
0612D5D4,190,0,20,compiler runtime (arithmetic helpers),plpat20.c / BCD.c,
0612D69C,174,0,3,compiler runtime (arithmetic helpers),plpat20.c / BCD.c,
0612D754,192,1,7,between files,plpat20.c / BCD.c,
0612D76A,68,0,0,compiler runtime (arithmetic helpers),plpat20.c / BCD.c,
0612D7B0,100,0,1,compiler runtime (arithmetic helpers),plpat20.c / BCD.c,
0612D834,60,1,30,between files,plpat20.c / BCD.c,
0612D85E,18,0,1,compiler runtime (arithmetic helpers),plpat20.c / BCD.c,
0612D870,20,0,0,compiler runtime (arithmetic helpers),plpat20.c / BCD.c,
0612D884,20,0,0,compiler runtime (arithmetic helpers),plpat20.c / BCD.c,
0612D898,14,0,0,compiler runtime (arithmetic helpers),plpat20.c / BCD.c,
0612D8A6,14,0,0,compiler runtime (arithmetic helpers),plpat20.c / BCD.c,
0612D8B4,12,0,0,compiler runtime (arithmetic helpers),plpat20.c / BCD.c,
0612D8C0,10,0,0,compiler runtime (arithmetic helpers),plpat20.c / BCD.c,
0612D8CA,8,0,0,stub (8 bytes or less),plpat20.c / BCD.c,
0612D8F4,126,2,1,between files,plpat20.c / BCD.c,
0612D972,12,0,1,compiler runtime (arithmetic helpers),plpat20.c / BCD.c,
0612D97E,22,0,0,compiler runtime (arithmetic helpers),plpat20.c / BCD.c,
0612D9A0,8,0,0,stub (8 bytes or less),plpat20.c / BCD.c,
0612D9C4,6,0,0,stub (8 bytes or less),plpat20.c / BCD.c,
0612D9D0,8,0,0,stub (8 bytes or less),plpat20.c / BCD.c,
0612D9DC,8,0,0,stub (8 bytes or less),plpat20.c / BCD.c,
0612D9EC,24,0,8,compiler runtime (arithmetic helpers),plpat20.c / BCD.c,
0612DA04,30,0,1,compiler runtime (arithmetic helpers),plpat20.c / BCD.c,
0612DA24,16,1,0,between files,plpat20.c / BCD.c,
0612DA38,120,3,1,between files,plpat20.c / BCD.c,
0612DAB8,128,4,5,between files,plpat20.c / BCD.c,
0612DB38,84,0,2,compiler runtime (arithmetic helpers),plpat20.c / BCD.c,
0612DBF4,64,0,0,compiler runtime (arithmetic helpers),BCD.c / bg.c,
0612DC38,14,0,2,compiler runtime (arithmetic helpers),BCD.c / bg.c,
0612DC46,44,0,0,compiler runtime (arithmetic helpers),BCD.c / bg.c,
0612DC72,48,0,1,compiler runtime (arithmetic helpers),BCD.c / bg.c,
0612DCA4,78,0,12,compiler runtime (arithmetic helpers),BCD.c / bg.c,
0612DCF2,70,0,1,compiler runtime (arithmetic helpers),BCD.c / bg.c,
0612DD74,76,0,0,compiler runtime (arithmetic helpers),bg.c,
0612DDCC,158,0,1,hardware access,bg.c,
0612DE94,168,0,0,compiler runtime (arithmetic helpers),bg.c,
0612DF4C,102,0,0,compiler runtime (arithmetic helpers),bg.c,
0612DFB2,162,1,11,inside the code of one PS2 file,bg.c,
0612E054,46,1,9,system and library code (end of program),bg.c,
0612E0D8,50,1,10,system and library code (end of program),bg.c,
0612E14C,192,0,5,system and library code (end of program),bg.c,
0612E20C,48,0,0,system and library code (end of program),bg.c,
0612E258,34,0,0,system and library code (end of program),bg.c,
0612E27A,50,2,0,system and library code (end of program),bg.c,
0612E2AC,8,0,0,stub (8 bytes or less),bg.c,
0612E2C4,50,2,0,system and library code (end of program),bg.c,
0612E2F6,8,0,0,stub (8 bytes or less),bg.c,
0612E2FE,48,0,17,system and library code (end of program),bg.c,
0612E340,30,0,15,system and library code (end of program),bg.c,
0612E35E,46,0,2,system and library code (end of program),bg.c,
0612E398,30,0,0,system and library code (end of program),bg.c,
0612E3B6,78,0,9,system and library code (end of program),bg.c,
0612E404,88,0,4,system and library code (end of program),bg.c,
0612E45C,70,0,1,system and library code (end of program),bg.c,
0612E4B4,44,0,0,system and library code (end of program),bg.c,
0612E4E0,44,0,6,system and library code (end of program),bg.c,
0612E548,30,0,0,system and library code (end of program),bg.c / bg_sub.c,
0612E570,30,0,2,system and library code (end of program),bg.c / bg_sub.c,
0612E58E,116,0,0,system and library code (end of program),bg.c / bg_sub.c,
0612E610,1028,4,1,hardware access,bg.c / bg_sub.c,
0612EA34,744,14,1,system and library code (end of program),bg.c / bg_sub.c,
0612ED54,134,3,0,system and library code (end of program),bg.c / bg_sub.c,
0612EDF8,328,0,1,system and library code (end of program),bg.c / bg_sub.c,
0612EF40,286,4,0,system and library code (end of program),bg.c / bg_sub.c,
0612F09C,66,3,1,system and library code (end of program),bg.c / bg_sub.c,
0612F0DE,302,3,1,system and library code (end of program),bg.c / bg_sub.c,
0612F228,104,3,0,system and library code (end of program),bg.c / bg_sub.c,
0612F290,8,0,0,stub (8 bytes or less),bg.c / bg_sub.c,
0612F2B0,978,29,0,hardware access,bg.c / bg_sub.c,STOP | PLAY | PAUSE | FADE IN | FADE OUT
0612F698,62,2,1,system and library code (end of program),bg.c / bg_sub.c,
0612F6D6,104,3,1,system and library code (end of program),bg.c / bg_sub.c,
0612F73E,88,2,1,system and library code (end of program),bg.c / bg_sub.c,
0612F7A4,78,4,1,system and library code (end of program),bg.c / bg_sub.c,
0612F7F2,332,6,1,system and library code (end of program),bg.c / bg_sub.c,
0612F948,94,2,0,system and library code (end of program),bg.c / bg_sub.c,
0612F9A6,8,0,0,stub (8 bytes or less),bg.c / bg_sub.c,
0612F9B8,244,2,1,hardware access,bg.c / bg_sub.c,
0612FAAC,82,1,0,system and library code (end of program),bg.c / bg_sub.c,
0612FB20,8,0,0,stub (8 bytes or less),bg.c / bg_sub.c,
0612FB28,288,11,1,hardware access,bg.c / bg_sub.c,
0612FC48,192,5,1,system and library code (end of program),bg.c / bg_sub.c,
0612FD08,20,1,1,system and library code (end of program),bg.c / bg_sub.c,
0612FD30,78,2,1,hardware access,bg.c / bg_sub.c,
0612FD7E,128,3,0,system and library code (end of program),bg.c / bg_sub.c,
0612FDFE,8,0,0,stub (8 bytes or less),bg.c / bg_sub.c,
0612FE10,72,1,0,system and library code (end of program),bg.c / bg_sub.c,
0612FE58,8,0,0,stub (8 bytes or less),bg.c / bg_sub.c,
0612FE6C,140,0,2,system and library code (end of program),bg.c / bg_sub.c,
0612FF04,178,0,1,system and library code (end of program),bg.c / bg_sub.c,
0612FFB6,186,0,1,system and library code (end of program),bg.c / bg_sub.c,
06130070,150,0,1,system and library code (end of program),bg.c / bg_sub.c,
06130106,150,5,1,system and library code (end of program),bg.c / bg_sub.c,CHECKING...
061301C4,150,5,1,hardware access,bg.c / bg_sub.c,CHECKING...
0613025A,188,5,1,hardware access,bg.c / bg_sub.c,CHECKING...
06130316,232,5,1,hardware access,bg.c / bg_sub.c,CHECKING...
061303FE,188,5,1,hardware access,bg.c / bg_sub.c,CHECKING...
061304BA,150,5,1,system and library code (end of program),bg.c / bg_sub.c,CHECKING...
06130578,352,17,0,system and library code (end of program),bg.c / bg_sub.c,CHECKING...
061306F4,156,4,3,system and library code (end of program),bg.c / bg_sub.c,
0613079C,8,0,0,stub (8 bytes or less),bg.c / bg_sub.c,
061307A4,666,9,2,system and library code (end of program),bg.c / bg_sub.c,CAP-33S-1
06130A3E,8,0,0,stub (8 bytes or less),bg.c / bg_sub.c,
06130A46,154,5,1,system and library code (end of program),bg.c / bg_sub.c,CHECKING... | SKIP
06130AE0,370,7,1,system and library code (end of program),bg.c / bg_sub.c,CHECKING... | SKIP
06130C52,88,10,1,system and library code (end of program),bg.c / bg_sub.c,
06130CC8,292,8,1,system and library code (end of program),bg.c / bg_sub.c,CHECKING... | SKIP
06130DEC,92,3,1,system and library code (end of program),bg.c / bg_sub.c,
06130E78,316,6,1,system and library code (end of program),bg.c / bg_sub.c,
06130FC8,120,2,0,system and library code (end of program),bg.c / bg_sub.c,
06131040,8,0,0,stub (8 bytes or less),bg.c / bg_sub.c,
06131054,64,3,1,system and library code (end of program),bg.c / bg_sub.c,
06131094,8,0,0,stub (8 bytes or less),bg.c / bg_sub.c,
0613109C,86,3,1,system and library code (end of program),bg.c / bg_sub.c,
061310F2,28,0,2,system and library code (end of program),bg.c / bg_sub.c,
0613110E,28,0,2,system and library code (end of program),bg.c / bg_sub.c,
06131144,350,2,1,hardware access,bg.c / bg_sub.c,
061312B4,8,0,0,stub (8 bytes or less),bg.c / bg_sub.c,
06131314,154,0,0,hardware access,bg.c / bg_sub.c,
061313AE,6,0,0,stub (8 bytes or less),bg.c / bg_sub.c,
061313B4,332,1,1,hardware access,bg.c / bg_sub.c,
06131500,8,0,0,stub (8 bytes or less),bg.c / bg_sub.c,
0613152C,30,2,2,system and library code (end of program),bg.c / bg_sub.c,
0613154A,8,0,0,stub (8 bytes or less),bg.c / bg_sub.c,
06131552,34,2,1,system and library code (end of program),bg.c / bg_sub.c,
06131574,8,0,0,stub (8 bytes or less),bg.c / bg_sub.c,
06131584,32,2,1,system and library code (end of program),bg.c / bg_sub.c,
061315A4,8,0,0,stub (8 bytes or less),bg.c / bg_sub.c,
061315AC,34,2,1,system and library code (end of program),bg.c / bg_sub.c,
061315CE,8,0,0,stub (8 bytes or less),bg.c / bg_sub.c,
061315E0,76,2,1,system and library code (end of program),bg.c / bg_sub.c,
0613162C,8,0,0,stub (8 bytes or less),bg.c / bg_sub.c,
06131638,58,2,2,system and library code (end of program),bg.c / bg_sub.c,
06131672,8,0,0,stub (8 bytes or less),bg.c / bg_sub.c,
0613167A,124,4,1,system and library code (end of program),bg.c / bg_sub.c,
061316F6,10,0,0,system and library code (end of program),bg.c / bg_sub.c,
06131710,86,2,8,hardware access,bg.c / bg_sub.c,
06131766,8,0,0,stub (8 bytes or less),bg.c / bg_sub.c,
06131780,1194,39,8,hardware access,bg.c / bg_sub.c,
06131C2A,8,0,0,stub (8 bytes or less),bg.c / bg_sub.c,
06131C44,300,1,2,system and library code (end of program),bg.c / bg_sub.c,
06131D70,8,0,0,stub (8 bytes or less),bg.c / bg_sub.c,
06131D7C,118,5,1,system and library code (end of program),bg.c / bg_sub.c,
06131DF2,488,12,1,system and library code (end of program),bg.c / bg_sub.c,
06131FDA,124,3,1,system and library code (end of program),bg.c / bg_sub.c,
06132056,194,6,0,system and library code (end of program),bg.c / bg_sub.c,
06132118,8,0,0,stub (8 bytes or less),bg.c / bg_sub.c,
06132128,800,0,1,system and library code (end of program),bg.c / bg_sub.c,
06132454,414,1,1,system and library code (end of program),bg.c / bg_sub.c,
06132614,368,1,1,system and library code (end of program),bg.c / bg_sub.c,
0613278C,84,0,4,system and library code (end of program),bg.c / bg_sub.c,
061327E8,198,1,0,system and library code (end of program),bg.c / bg_sub.c,
061328C8,8,0,0,stub (8 bytes or less),bg.c / bg_sub.c,
061328D0,206,1,0,system and library code (end of program),bg.c / bg_sub.c,
0613299E,112,0,0,system and library code (end of program),bg.c / bg_sub.c,
06132A24,96,0,1,system and library code (end of program),bg.c / bg_sub.c,
06132A84,102,0,6,system and library code (end of program),bg.c / bg_sub.c,
06132AEA,80,2,0,system and library code (end of program),bg.c / bg_sub.c,
06132B48,512,0,1,system and library code (end of program),bg.c / bg_sub.c,
06132D48,6,0,0,stub (8 bytes or less),bg.c / bg_sub.c,
06132D60,146,0,1,system and library code (end of program),bg.c / bg_sub.c,
06132DF2,6,0,0,stub (8 bytes or less),bg.c / bg_sub.c,
06132E48,324,3,1,hardware access,bg.c / bg_sub.c,
06132FD8,304,2,1,hardware access,bg.c / bg_sub.c,
0613313C,196,0,2,hardware access,bg.c / bg_sub.c,
06133260,84,0,1,system and library code (end of program),bg.c / bg_sub.c,
061332D4,96,4,2,hardware access,bg.c / bg_sub.c,
06133334,36,1,1,hardware access,bg.c / bg_sub.c,
06133390,56,0,1,system and library code (end of program),bg.c / bg_sub.c,
061333C8,200,1,1,system and library code (end of program),bg.c / bg_sub.c,
061334B0,286,6,1,hardware access,bg.c / bg_sub.c,
061335CE,10,0,0,system and library code (end of program),bg.c / bg_sub.c,
061335D8,144,2,1,hardware access,bg.c / bg_sub.c,
06133670,296,10,5,hardware access,bg.c / bg_sub.c,
06133798,10,0,0,system and library code (end of program),bg.c / bg_sub.c,
061337A2,222,6,11,hardware access,bg.c / bg_sub.c,
06133880,10,0,0,system and library code (end of program),bg.c / bg_sub.c,
0613388A,74,0,2,hardware access,bg.c / bg_sub.c,
061338D4,6,0,0,stub (8 bytes or less),bg.c / bg_sub.c,
061338DA,40,3,10,system and library code (end of program),bg.c / bg_sub.c,EEPROM  ERROR
0613391C,36,2,1,hardware access,bg.c / bg_sub.c,
06133940,36,2,1,hardware access,bg.c / bg_sub.c,
06133974,36,2,2,hardware access,bg.c / bg_sub.c,
06133998,36,2,1,hardware access,bg.c / bg_sub.c,
061339CC,64,2,0,hardware access,bg.c / bg_sub.c,
06133A20,200,8,0,hardware access,bg.c / bg_sub.c,
06133B18,232,4,1,system and library code (end of program),bg.c / bg_sub.c,
06133C00,300,9,2,hardware access,bg.c / bg_sub.c,
06133D2C,92,0,1,system and library code (end of program),bg.c / bg_sub.c,
06133D88,8,0,0,stub (8 bytes or less),bg.c / bg_sub.c,
06133D90,658,2,3,system and library code (end of program),bg.c / bg_sub.c,
06134022,388,5,1,hardware access,bg.c / bg_sub.c,
061341A6,236,0,1,system and library code (end of program),bg.c / bg_sub.c,
06134292,166,3,1,hardware access,bg.c / bg_sub.c,
0613433C,26,0,1,system and library code (end of program),bg.c / bg_sub.c,
06134356,6,0,0,stub (8 bytes or less),bg.c / bg_sub.c,
06134368,440,1,0,system and library code (end of program),bg.c / bg_sub.c,
06134540,22,0,0,system and library code (end of program),bg.c / bg_sub.c,
06134556,22,0,0,system and library code (end of program),bg.c / bg_sub.c,
0613456C,240,15,0,hardware access,bg.c / bg_sub.c,
061346D4,250,7,0,system and library code (end of program),bg.c / bg_sub.c,
061347CE,88,2,0,system and library code (end of program),bg.c / bg_sub.c,
06134854,88,2,0,system and library code (end of program),bg.c / bg_sub.c,
061348AC,492,4,0,system and library code (end of program),bg.c / bg_sub.c,
06134AC0,688,10,0,hardware access,bg.c / bg_sub.c,
06134D70,22,0,0,system and library code (end of program),bg.c / bg_sub.c,
06134D86,388,10,0,system and library code (end of program),bg.c / bg_sub.c,
06134F0A,708,9,0,system and library code (end of program),bg.c / bg_sub.c,
061351CE,606,6,0,system and library code (end of program),bg.c / bg_sub.c,
06135464,222,3,0,system and library code (end of program),bg.c / bg_sub.c,
06135542,82,3,0,system and library code (end of program),bg.c / bg_sub.c,
061355B8,66,3,0,system and library code (end of program),bg.c / bg_sub.c,
061355FA,98,3,0,system and library code (end of program),bg.c / bg_sub.c,
0613565C,66,3,0,system and library code (end of program),bg.c / bg_sub.c,
061356DC,6,1,0,stub (8 bytes or less),bg.c / bg_sub.c,
061356E2,76,3,0,system and library code (end of program),bg.c / bg_sub.c,
0613572E,66,3,0,system and library code (end of program),bg.c / bg_sub.c,
06135790,188,7,0,system and library code (end of program),bg.c / bg_sub.c,
0613587C,142,5,0,system and library code (end of program),bg.c / bg_sub.c,
06135938,106,5,0,system and library code (end of program),bg.c / bg_sub.c,
061359A2,134,2,0,system and library code (end of program),bg.c / bg_sub.c,
06135A28,208,2,0,system and library code (end of program),bg.c / bg_sub.c,
06135AF8,886,19,2,system and library code (end of program),bg.c / bg_sub.c,
06135E8C,56,1,1,system and library code (end of program),bg.c / bg_sub.c,
06135EC4,38,1,0,system and library code (end of program),bg.c / bg_sub.c,
06135EF8,370,0,1,system and library code (end of program),bg.c / bg_sub.c,
06136098,460,0,2,system and library code (end of program),bg.c / bg_sub.c,
06136264,8,0,0,stub (8 bytes or less),bg.c / bg_sub.c,
0613626C,80,0,10,system and library code (end of program),bg.c / bg_sub.c,
061362C4,6,0,0,stub (8 bytes or less),bg.c / bg_sub.c,
061362CA,506,6,2,system and library code (end of program),bg.c / bg_sub.c,
061364C4,8,0,0,stub (8 bytes or less),bg.c / bg_sub.c,
061364CC,144,4,1,system and library code (end of program),bg.c / bg_sub.c,
0613655C,412,1,1,system and library code (end of program),bg.c / bg_sub.c,
06136718,106,14,8,system and library code (end of program),bg.c / bg_sub.c,
06136782,108,2,1,hardware access,bg.c / bg_sub.c,
061367EE,206,2,1,hardware access,bg.c / bg_sub.c,
061368BC,176,3,1,system and library code (end of program),bg.c / bg_sub.c,
0613696C,42,0,2,hardware access,bg.c / bg_sub.c,
06136996,42,0,2,hardware access,bg.c / bg_sub.c,
061369C8,186,0,1,system and library code (end of program),bg.c / bg_sub.c,
06136AC8,646,0,10,system and library code (end of program),bg.c / bg_sub.c,
06136D4E,6,0,0,stub (8 bytes or less),bg.c / bg_sub.c,
06136D98,382,0,0,system and library code (end of program),bg.c / bg_sub.c,
06136F28,90,0,7,system and library code (end of program),bg.c / bg_sub.c,
06136F90,644,1,1,hardware access,bg.c / bg_sub.c,
06137214,1164,20,2,system and library code (end of program),bg.c / bg_sub.c,
061376AC,20,0,0,system and library code (end of program),bg.c / bg_sub.c,
061376C0,6,0,0,stub (8 bytes or less),bg.c / bg_sub.c,
061376DE,6,0,0,stub (8 bytes or less),bg_sub.c / Sound3rd.c,
061376E4,28,0,6,system and library code (end of program),bg_sub.c / Sound3rd.c,
0613770C,6,0,0,stub (8 bytes or less),bg_sub.c / Sound3rd.c,
06137712,70,1,0,system and library code (end of program),bg_sub.c / Sound3rd.c,
0613775C,40,0,1,system and library code (end of program),bg_sub.c / Sound3rd.c,
06137784,108,0,11,system and library code (end of program),bg_sub.c / Sound3rd.c,
061377F0,214,0,13,system and library code (end of program),bg_sub.c / Sound3rd.c,
06137854,122,0,3,system and library code (end of program),bg_sub.c / Sound3rd.c,
061378CE,62,0,20,system and library code (end of program),bg_sub.c / Sound3rd.c,
0613790C,90,1,0,system and library code (end of program),bg_sub.c / Sound3rd.c,
06137980,24,0,13,system and library code (end of program),bg_sub.c / Sound3rd.c,
06137998,6,0,0,stub (8 bytes or less),bg_sub.c / Sound3rd.c,
0613799E,26,0,2,system and library code (end of program),bg_sub.c / Sound3rd.c,
061379B8,6,0,0,stub (8 bytes or less),bg_sub.c / Sound3rd.c,
061379C4,40,0,1,system and library code (end of program),bg_sub.c / Sound3rd.c,
061379EC,108,0,13,system and library code (end of program),bg_sub.c / Sound3rd.c,
06137A58,62,0,8,system and library code (end of program),bg_sub.c / Sound3rd.c,
06137A96,90,1,0,system and library code (end of program),bg_sub.c / Sound3rd.c,
06137B08,192,0,1,hardware access,bg_sub.c / Sound3rd.c,
06137C14,178,0,1,system and library code (end of program),bg_sub.c / Sound3rd.c,
06137CE4,268,0,11,system and library code (end of program),bg_sub.c / Sound3rd.c,
06137DF0,442,0,15,hardware access,bg_sub.c / Sound3rd.c,
06137FAA,240,0,1,system and library code (end of program),bg_sub.c / Sound3rd.c,
0613809A,74,2,1,hardware access,bg_sub.c / Sound3rd.c,
061380E4,132,2,1,hardware access,bg_sub.c / Sound3rd.c,
06138168,562,2,2,hardware access,bg_sub.c / Sound3rd.c,
061383D0,272,0,0,system and library code (end of program),bg_sub.c / Sound3rd.c,
061384E0,538,5,9,system and library code (end of program),bg_sub.c / Sound3rd.c,
061386FA,218,2,2,system and library code (end of program),bg_sub.c / Sound3rd.c,
061387D4,10,0,0,system and library code (end of program),bg_sub.c / Sound3rd.c,
061387DE,180,1,2,system and library code (end of program),bg_sub.c / Sound3rd.c,
06138892,10,0,0,system and library code (end of program),bg_sub.c / Sound3rd.c,
061388B0,42,0,7,system and library code (end of program),bg_sub.c / Sound3rd.c,
061388DA,22,0,6,hardware access,bg_sub.c / Sound3rd.c,
061388F0,40,0,7,system and library code (end of program),bg_sub.c / Sound3rd.c,
061389D6,192,0,10,hardware access,bg_sub.c / Sound3rd.c,
06138A96,222,0,1,hardware access,bg_sub.c / Sound3rd.c,
06138B74,44,0,2,hardware access,bg_sub.c / Sound3rd.c,
06138BA0,48,0,87,hardware access,bg_sub.c / Sound3rd.c,
06138BD0,342,0,4,hardware access,bg_sub.c / Sound3rd.c,
06138D2C,356,4,24,hardware access,bg_sub.c / Sound3rd.c,
06138E90,274,2,21,hardware access,bg_sub.c / Sound3rd.c,
06138FA2,98,0,0,hardware access,bg_sub.c / Sound3rd.c,
06139004,512,0,26,hardware access,bg_sub.c / Sound3rd.c,
06139204,162,0,64,hardware access,bg_sub.c / Sound3rd.c,
061392B4,56,0,1,hardware access,bg_sub.c / Sound3rd.c,
061392FC,14,0,0,system and library code (end of program),bg_sub.c / Sound3rd.c,
0613930A,6,0,1,stub (8 bytes or less),bg_sub.c / Sound3rd.c,
06139310,6,0,1,stub (8 bytes or less),bg_sub.c / Sound3rd.c,
06139316,442,0,3,hardware access,bg_sub.c / Sound3rd.c,
061394D4,3246,9,3,system and library code (end of program),Sound3rd.c,
0613A1E8,52,0,4,system and library code (end of program),Sound3rd.c,
0613A21C,86,0,0,hardware access,Sound3rd.c,
0613A272,74,0,0,hardware access,Sound3rd.c,
0613A324,10,0,11,system and library code (end of program),Sound3rd.c / ,
0613A32E,6,0,1,stub (8 bytes or less),Sound3rd.c / ,
0613A334,94,0,5,hardware access,Sound3rd.c / ,
0613A392,32,0,1,system and library code (end of program),Sound3rd.c / ,
0613A3B2,48,0,0,system and library code (end of program),Sound3rd.c / ,
0613A408,664,9,1,system and library code (end of program),Sound3rd.c / ,
0613A6A8,56,0,1,system and library code (end of program),Sound3rd.c / ,
0613A6E0,74,1,1,system and library code (end of program),Sound3rd.c / ,
0613A750,60,1,2,system and library code (end of program),Sound3rd.c / ,
0613A75C,14,1,1,system and library code (end of program),Sound3rd.c / ,
0613A77A,18,0,2,system and library code (end of program),Sound3rd.c / ,
0613A78C,20,0,0,system and library code (end of program),Sound3rd.c / ,
0613A7A0,20,0,0,system and library code (end of program),Sound3rd.c / ,
0613A7B4,14,0,0,system and library code (end of program),Sound3rd.c / ,
0613A7C2,14,0,0,system and library code (end of program),Sound3rd.c / ,
0613A7D0,12,0,0,system and library code (end of program),Sound3rd.c / ,
0613A7DC,10,0,0,system and library code (end of program),Sound3rd.c / ,
0613A7E6,8,0,0,stub (8 bytes or less),Sound3rd.c / ,
0613A7F0,4,0,0,stub (8 bytes or less),Sound3rd.c / ,
0613A7F4,8,0,0,stub (8 bytes or less),Sound3rd.c / ,
0613A7FC,10,0,0,system and library code (end of program),Sound3rd.c / ,
0613A806,10,0,0,system and library code (end of program),Sound3rd.c / ,
0613A810,12,0,0,system and library code (end of program),Sound3rd.c / ,
0613A81C,10,0,0,system and library code (end of program),Sound3rd.c / ,
0613A826,12,0,0,system and library code (end of program),Sound3rd.c / ,
0613A832,10,0,0,system and library code (end of program),Sound3rd.c / ,
0613A83C,10,0,0,system and library code (end of program),Sound3rd.c / ,
0613A846,10,0,0,system and library code (end of program),Sound3rd.c / ,
0613A850,8,0,0,stub (8 bytes or less),Sound3rd.c / ,
0613A858,6,0,0,stub (8 bytes or less),Sound3rd.c / ,
0613A85E,8,0,0,stub (8 bytes or less),Sound3rd.c / ,
0613A866,10,0,0,system and library code (end of program),Sound3rd.c / ,
0613A870,10,0,0,system and library code (end of program),Sound3rd.c / ,
0613A87A,12,0,0,system and library code (end of program),Sound3rd.c / ,
0613A886,10,0,0,system and library code (end of program),Sound3rd.c / ,
0613A890,12,0,0,system and library code (end of program),Sound3rd.c / ,
0613A89C,10,0,0,system and library code (end of program),Sound3rd.c / ,
0613A8A6,10,0,0,system and library code (end of program),Sound3rd.c / ,
0613A8B0,10,0,0,system and library code (end of program),Sound3rd.c / ,
0613A8BA,8,0,0,stub (8 bytes or less),Sound3rd.c / ,
0613A8C2,6,0,0,stub (8 bytes or less),Sound3rd.c / ,
0613A8CC,16,0,1,system and library code (end of program),Sound3rd.c / ,
0613A8E2,26,0,1,system and library code (end of program),Sound3rd.c / ,
0613A8E4,24,0,1,system and library code (end of program),Sound3rd.c / ,
0613A8E6,22,0,1,system and library code (end of program),Sound3rd.c / ,
0613A8E8,20,0,1,system and library code (end of program),Sound3rd.c / ,
0613A8EA,18,0,7,system and library code (end of program),Sound3rd.c / ,
0613A8FC,16,0,0,system and library code (end of program),Sound3rd.c / ,
0613A90C,22,0,0,system and library code (end of program),Sound3rd.c / ,
0613A922,18,0,0,system and library code (end of program),Sound3rd.c / ,
0613A934,6,0,0,stub (8 bytes or less),Sound3rd.c / ,
0613A93C,52,0,1,system and library code (end of program),Sound3rd.c / ,
0613A970,16,0,1,system and library code (end of program),Sound3rd.c / ,
0613A980,8,0,0,stub (8 bytes or less),Sound3rd.c / ,
0613A988,8,0,0,stub (8 bytes or less),Sound3rd.c / ,
0613A990,16,0,0,system and library code (end of program),Sound3rd.c / ,
0613A9A0,16,0,0,system and library code (end of program),Sound3rd.c / ,
0613A9B0,12,0,6,system and library code (end of program),Sound3rd.c / ,
0613A9BC,4,0,0,stub (8 bytes or less),Sound3rd.c / ,
0613A9C0,84,0,2,system and library code (end of program),Sound3rd.c / ,
0613AA48,22,0,1,hardware access,Sound3rd.c / ,
0613AA5E,64,0,1,hardware access,Sound3rd.c / ,
0613AA9E,6,0,0,stub (8 bytes or less),Sound3rd.c / ,
0613AAB0,58,0,1,hardware access,Sound3rd.c / ,
0613AAEA,6,0,0,stub (8 bytes or less),Sound3rd.c / ,
0613AAF0,72,1,0,hardware access,Sound3rd.c / ,
0613AB54,8,0,0,stub (8 bytes or less),Sound3rd.c / ,
0613AB5C,80,1,0,hardware access,Sound3rd.c / ,
0613ABAC,8,0,0,stub (8 bytes or less),Sound3rd.c / ,
0613ABB4,8,0,0,stub (8 bytes or less),Sound3rd.c / ,
0613ABBC,4,0,0,stub (8 bytes or less),Sound3rd.c / ,
0613ABD8,8,0,0,stub (8 bytes or less),Sound3rd.c / ,
0613ABE0,4,0,0,stub (8 bytes or less),Sound3rd.c / ,
0613ABE8,40,0,2,system and library code (end of program),Sound3rd.c / ,
0613AC10,4,0,1,stub (8 bytes or less),Sound3rd.c / ,
0613AC14,1466,5,1,system and library code (end of program),Sound3rd.c / ,
0613B1D8,78,0,1,system and library code (end of program),Sound3rd.c / ,
0613B226,398,0,1,system and library code (end of program),Sound3rd.c / ,
0613B3CC,2254,42,1,hardware access,Sound3rd.c / ,
0613BC9A,20,0,1,system and library code (end of program),Sound3rd.c / ,
0613BCC0,48,0,2,system and library code (end of program),Sound3rd.c / ,
0613BCF0,60,0,1,system and library code (end of program),Sound3rd.c / ,
0613BD34,100,0,1,system and library code (end of program),Sound3rd.c / ,
